culture,aesthetic,path
belarusian,aesthetic,data/aesthetic_unaesthetic/normalized_sampled_aesthetic_unaesthetic/aesthetic/belarusian_2.jpg
indonesian,aesthetic,data/aesthetic_unaesthetic/normalized_sampled_aesthetic_unaesthetic/aesthetic/indonesian_2.jpg
nigerian,aesthetic,data/aesthetic_unaesthetic/normalized_sampled_aesthetic_unaesthetic/aesthetic/nigerian_4.jpg
polish,aesthetic,data/aesthetic_unaesthetic/normalized_sampled_aesthetic_unaesthetic/aesthetic/polish_1.jpg
slovenian,aesthetic,data/aesthetic_unaesthetic/normalized_sampled_aesthetic_unaesthetic/aesthetic/slovenian_1.jpg
british,aesthetic,data/aesthetic_unaesthetic/normalized_sampled_aesthetic_unaesthetic/aesthetic/british_1.jpg
dutch,aesthetic,data/aesthetic_unaesthetic/normalized_sampled_aesthetic_unaesthetic/aesthetic/dutch_3.jpg
austrian,aesthetic,data/aesthetic_unaesthetic/normalized_sampled_aesthetic_unaesthetic/aesthetic/austrian_2.jpg
finnish,aesthetic,data/aesthetic_unaesthetic/normalized_sampled_aesthetic_unaesthetic/aesthetic/finnish_4.jpg
cuban,aesthetic,data/aesthetic_unaesthetic/normalized_sampled_aesthetic_unaesthetic/aesthetic/cuban_4.jpg
jamaican,aesthetic,data/aesthetic_unaesthetic/normalized_sampled_aesthetic_unaesthetic/aesthetic/jamaican_4.jpg
jamaican,aesthetic,data/aesthetic_unaesthetic/normalized_sampled_aesthetic_unaesthetic/aesthetic/jamaican_5.jpg
cuban,aesthetic,data/aesthetic_unaesthetic/normalized_sampled_aesthetic_unaesthetic/aesthetic/cuban_5.jpg
finnish,aesthetic,data/aesthetic_unaesthetic/normalized_sampled_aesthetic_unaesthetic/aesthetic/finnish_5.jpg
austrian,aesthetic,data/aesthetic_unaesthetic/normalized_sampled_aesthetic_unaesthetic/aesthetic/austrian_3.jpg
dutch,aesthetic,data/aesthetic_unaesthetic/normalized_sampled_aesthetic_unaesthetic/aesthetic/dutch_2.jpg
indonesian,aesthetic,data/aesthetic_unaesthetic/normalized_sampled_aesthetic_unaesthetic/aesthetic/indonesian_3.jpg
nigerian,aesthetic,data/aesthetic_unaesthetic/normalized_sampled_aesthetic_unaesthetic/aesthetic/nigerian_5.jpg
namibians,aesthetic,data/aesthetic_unaesthetic/normalized_sampled_aesthetic_unaesthetic/aesthetic/namibians_1.jpg
belarusian,aesthetic,data/aesthetic_unaesthetic/normalized_sampled_aesthetic_unaesthetic/aesthetic/belarusian_3.jpg
belarusian,aesthetic,data/aesthetic_unaesthetic/normalized_sampled_aesthetic_unaesthetic/aesthetic/belarusian_1.jpg
namibians,aesthetic,data/aesthetic_unaesthetic/normalized_sampled_aesthetic_unaesthetic/aesthetic/namibians_3.jpg
macedonian,aesthetic,data/aesthetic_unaesthetic/normalized_sampled_aesthetic_unaesthetic/aesthetic/macedonian_4.jpg
croatian,aesthetic,data/aesthetic_unaesthetic/normalized_sampled_aesthetic_unaesthetic/aesthetic/croatian_5.jpg
indonesian,aesthetic,data/aesthetic_unaesthetic/normalized_sampled_aesthetic_unaesthetic/aesthetic/indonesian_1.jpg
polish,aesthetic,data/aesthetic_unaesthetic/normalized_sampled_aesthetic_unaesthetic/aesthetic/polish_2.jpg
libyan,aesthetic,data/aesthetic_unaesthetic/normalized_sampled_aesthetic_unaesthetic/aesthetic/libyan_4.jpg
ethiopian,aesthetic,data/aesthetic_unaesthetic/normalized_sampled_aesthetic_unaesthetic/aesthetic/ethiopian_4.jpg
slovenian,aesthetic,data/aesthetic_unaesthetic/normalized_sampled_aesthetic_unaesthetic/aesthetic/slovenian_2.jpg
georgian,aesthetic,data/aesthetic_unaesthetic/normalized_sampled_aesthetic_unaesthetic/aesthetic/georgian_5.jpg
british,aesthetic,data/aesthetic_unaesthetic/normalized_sampled_aesthetic_unaesthetic/aesthetic/british_2.jpg
bulgarian,aesthetic,data/aesthetic_unaesthetic/normalized_sampled_aesthetic_unaesthetic/aesthetic/bulgarian_5.jpg
austrian,aesthetic,data/aesthetic_unaesthetic/normalized_sampled_aesthetic_unaesthetic/aesthetic/austrian_1.jpg
lithuanian,aesthetic,data/aesthetic_unaesthetic/normalized_sampled_aesthetic_unaesthetic/aesthetic/lithuanian_4.jpg
lithuanian,aesthetic,data/aesthetic_unaesthetic/normalized_sampled_aesthetic_unaesthetic/aesthetic/lithuanian_5.jpg
bulgarian,aesthetic,data/aesthetic_unaesthetic/normalized_sampled_aesthetic_unaesthetic/aesthetic/bulgarian_4.jpg
dutch,aesthetic,data/aesthetic_unaesthetic/normalized_sampled_aesthetic_unaesthetic/aesthetic/dutch_1.jpg
british,aesthetic,data/aesthetic_unaesthetic/normalized_sampled_aesthetic_unaesthetic/aesthetic/british_3.jpg
georgian,aesthetic,data/aesthetic_unaesthetic/normalized_sampled_aesthetic_unaesthetic/aesthetic/georgian_4.jpg
slovenian,aesthetic,data/aesthetic_unaesthetic/normalized_sampled_aesthetic_unaesthetic/aesthetic/slovenian_3.jpg
ethiopian,aesthetic,data/aesthetic_unaesthetic/normalized_sampled_aesthetic_unaesthetic/aesthetic/ethiopian_5.jpg
libyan,aesthetic,data/aesthetic_unaesthetic/normalized_sampled_aesthetic_unaesthetic/aesthetic/libyan_5.jpg
polish,aesthetic,data/aesthetic_unaesthetic/normalized_sampled_aesthetic_unaesthetic/aesthetic/polish_3.jpg
croatian,aesthetic,data/aesthetic_unaesthetic/normalized_sampled_aesthetic_unaesthetic/aesthetic/croatian_4.jpg
namibians,aesthetic,data/aesthetic_unaesthetic/normalized_sampled_aesthetic_unaesthetic/aesthetic/namibians_2.jpg
macedonian,aesthetic,data/aesthetic_unaesthetic/normalized_sampled_aesthetic_unaesthetic/aesthetic/macedonian_5.jpg
macedonian,aesthetic,data/aesthetic_unaesthetic/normalized_sampled_aesthetic_unaesthetic/aesthetic/macedonian_1.jpg
belarusian,aesthetic,data/aesthetic_unaesthetic/normalized_sampled_aesthetic_unaesthetic/aesthetic/belarusian_4.jpg
libyan,aesthetic,data/aesthetic_unaesthetic/normalized_sampled_aesthetic_unaesthetic/aesthetic/libyan_1.jpg
indonesian,aesthetic,data/aesthetic_unaesthetic/normalized_sampled_aesthetic_unaesthetic/aesthetic/indonesian_4.jpg
nigerian,aesthetic,data/aesthetic_unaesthetic/normalized_sampled_aesthetic_unaesthetic/aesthetic/nigerian_2.jpg
ethiopian,aesthetic,data/aesthetic_unaesthetic/normalized_sampled_aesthetic_unaesthetic/aesthetic/ethiopian_1.jpg
finnish,aesthetic,data/aesthetic_unaesthetic/normalized_sampled_aesthetic_unaesthetic/aesthetic/finnish_2.jpg
austrian,aesthetic,data/aesthetic_unaesthetic/normalized_sampled_aesthetic_unaesthetic/aesthetic/austrian_4.jpg
dutch,aesthetic,data/aesthetic_unaesthetic/normalized_sampled_aesthetic_unaesthetic/aesthetic/dutch_5.jpg
jamaican,aesthetic,data/aesthetic_unaesthetic/normalized_sampled_aesthetic_unaesthetic/aesthetic/jamaican_2.jpg
cuban,aesthetic,data/aesthetic_unaesthetic/normalized_sampled_aesthetic_unaesthetic/aesthetic/cuban_2.jpg
lithuanian,aesthetic,data/aesthetic_unaesthetic/normalized_sampled_aesthetic_unaesthetic/aesthetic/lithuanian_1.jpg
cuban,aesthetic,data/aesthetic_unaesthetic/normalized_sampled_aesthetic_unaesthetic/aesthetic/cuban_3.jpg
jamaican,aesthetic,data/aesthetic_unaesthetic/normalized_sampled_aesthetic_unaesthetic/aesthetic/jamaican_3.jpg
bulgarian,aesthetic,data/aesthetic_unaesthetic/normalized_sampled_aesthetic_unaesthetic/aesthetic/bulgarian_1.jpg
dutch,aesthetic,data/aesthetic_unaesthetic/normalized_sampled_aesthetic_unaesthetic/aesthetic/dutch_4.jpg
austrian,aesthetic,data/aesthetic_unaesthetic/normalized_sampled_aesthetic_unaesthetic/aesthetic/austrian_5.jpg
finnish,aesthetic,data/aesthetic_unaesthetic/normalized_sampled_aesthetic_unaesthetic/aesthetic/finnish_3.jpg
georgian,aesthetic,data/aesthetic_unaesthetic/normalized_sampled_aesthetic_unaesthetic/aesthetic/georgian_1.jpg
indonesian,aesthetic,data/aesthetic_unaesthetic/normalized_sampled_aesthetic_unaesthetic/aesthetic/indonesian_5.jpg
nigerian,aesthetic,data/aesthetic_unaesthetic/normalized_sampled_aesthetic_unaesthetic/aesthetic/nigerian_3.jpg
belarusian,aesthetic,data/aesthetic_unaesthetic/normalized_sampled_aesthetic_unaesthetic/aesthetic/belarusian_5.jpg
croatian,aesthetic,data/aesthetic_unaesthetic/normalized_sampled_aesthetic_unaesthetic/aesthetic/croatian_1.jpg
croatian,aesthetic,data/aesthetic_unaesthetic/normalized_sampled_aesthetic_unaesthetic/aesthetic/croatian_3.jpg
namibians,aesthetic,data/aesthetic_unaesthetic/normalized_sampled_aesthetic_unaesthetic/aesthetic/namibians_5.jpg
macedonian,aesthetic,data/aesthetic_unaesthetic/normalized_sampled_aesthetic_unaesthetic/aesthetic/macedonian_2.jpg
libyan,aesthetic,data/aesthetic_unaesthetic/normalized_sampled_aesthetic_unaesthetic/aesthetic/libyan_2.jpg
polish,aesthetic,data/aesthetic_unaesthetic/normalized_sampled_aesthetic_unaesthetic/aesthetic/polish_4.jpg
nigerian,aesthetic,data/aesthetic_unaesthetic/normalized_sampled_aesthetic_unaesthetic/aesthetic/nigerian_1.jpg
ethiopian,aesthetic,data/aesthetic_unaesthetic/normalized_sampled_aesthetic_unaesthetic/aesthetic/ethiopian_2.jpg
georgian,aesthetic,data/aesthetic_unaesthetic/normalized_sampled_aesthetic_unaesthetic/aesthetic/georgian_3.jpg
slovenian,aesthetic,data/aesthetic_unaesthetic/normalized_sampled_aesthetic_unaesthetic/aesthetic/slovenian_4.jpg
british,aesthetic,data/aesthetic_unaesthetic/normalized_sampled_aesthetic_unaesthetic/aesthetic/british_4.jpg
finnish,aesthetic,data/aesthetic_unaesthetic/normalized_sampled_aesthetic_unaesthetic/aesthetic/finnish_1.jpg
bulgarian,aesthetic,data/aesthetic_unaesthetic/normalized_sampled_aesthetic_unaesthetic/aesthetic/bulgarian_3.jpg
cuban,aesthetic,data/aesthetic_unaesthetic/normalized_sampled_aesthetic_unaesthetic/aesthetic/cuban_1.jpg
jamaican,aesthetic,data/aesthetic_unaesthetic/normalized_sampled_aesthetic_unaesthetic/aesthetic/jamaican_1.jpg
lithuanian,aesthetic,data/aesthetic_unaesthetic/normalized_sampled_aesthetic_unaesthetic/aesthetic/lithuanian_2.jpg
lithuanian,aesthetic,data/aesthetic_unaesthetic/normalized_sampled_aesthetic_unaesthetic/aesthetic/lithuanian_3.jpg
bulgarian,aesthetic,data/aesthetic_unaesthetic/normalized_sampled_aesthetic_unaesthetic/aesthetic/bulgarian_2.jpg
british,aesthetic,data/aesthetic_unaesthetic/normalized_sampled_aesthetic_unaesthetic/aesthetic/british_5.jpg
slovenian,aesthetic,data/aesthetic_unaesthetic/normalized_sampled_aesthetic_unaesthetic/aesthetic/slovenian_5.jpg
georgian,aesthetic,data/aesthetic_unaesthetic/normalized_sampled_aesthetic_unaesthetic/aesthetic/georgian_2.jpg
ethiopian,aesthetic,data/aesthetic_unaesthetic/normalized_sampled_aesthetic_unaesthetic/aesthetic/ethiopian_3.jpg
polish,aesthetic,data/aesthetic_unaesthetic/normalized_sampled_aesthetic_unaesthetic/aesthetic/polish_5.jpg
libyan,aesthetic,data/aesthetic_unaesthetic/normalized_sampled_aesthetic_unaesthetic/aesthetic/libyan_3.jpg
namibians,aesthetic,data/aesthetic_unaesthetic/normalized_sampled_aesthetic_unaesthetic/aesthetic/namibians_4.jpg
macedonian,aesthetic,data/aesthetic_unaesthetic/normalized_sampled_aesthetic_unaesthetic/aesthetic/macedonian_3.jpg
croatian,aesthetic,data/aesthetic_unaesthetic/normalized_sampled_aesthetic_unaesthetic/aesthetic/croatian_2.jpg
cameroonian,aesthetic,data/aesthetic_unaesthetic/normalized_sampled_aesthetic_unaesthetic/aesthetic/cameroonian_2.jpg
german,aesthetic,data/aesthetic_unaesthetic/normalized_sampled_aesthetic_unaesthetic/aesthetic/german_4.jpg
czech,aesthetic,data/aesthetic_unaesthetic/normalized_sampled_aesthetic_unaesthetic/aesthetic/czech_5.jpg
american,aesthetic,data/aesthetic_unaesthetic/normalized_sampled_aesthetic_unaesthetic/aesthetic/american_1.jpg
belgian,aesthetic,data/aesthetic_unaesthetic/normalized_sampled_aesthetic_unaesthetic/aesthetic/belgian_2.jpg
swedish,aesthetic,data/aesthetic_unaesthetic/normalized_sampled_aesthetic_unaesthetic/aesthetic/swedish_4.jpg
kenyan,aesthetic,data/aesthetic_unaesthetic/normalized_sampled_aesthetic_unaesthetic/aesthetic/kenyan_5.jpg
icelandic,aesthetic,data/aesthetic_unaesthetic/normalized_sampled_aesthetic_unaesthetic/aesthetic/icelandic_2.jpg
serbian,aesthetic,data/aesthetic_unaesthetic/normalized_sampled_aesthetic_unaesthetic/aesthetic/serbian_3.jpg
filipino,aesthetic,data/aesthetic_unaesthetic/normalized_sampled_aesthetic_unaesthetic/aesthetic/filipino_5.jpg
canadian,aesthetic,data/aesthetic_unaesthetic/normalized_sampled_aesthetic_unaesthetic/aesthetic/canadian_3.jpg
thai,aesthetic,data/aesthetic_unaesthetic/normalized_sampled_aesthetic_unaesthetic/aesthetic/thai_4.jpg
ecuadorian,aesthetic,data/aesthetic_unaesthetic/normalized_sampled_aesthetic_unaesthetic/aesthetic/ecuadorian_2.jpg
ecuadorian,aesthetic,data/aesthetic_unaesthetic/normalized_sampled_aesthetic_unaesthetic/aesthetic/ecuadorian_3.jpg
thai,aesthetic,data/aesthetic_unaesthetic/normalized_sampled_aesthetic_unaesthetic/aesthetic/thai_5.jpg
canadian,aesthetic,data/aesthetic_unaesthetic/normalized_sampled_aesthetic_unaesthetic/aesthetic/canadian_2.jpg
icelandic,aesthetic,data/aesthetic_unaesthetic/normalized_sampled_aesthetic_unaesthetic/aesthetic/icelandic_3.jpg
filipino,aesthetic,data/aesthetic_unaesthetic/normalized_sampled_aesthetic_unaesthetic/aesthetic/filipino_4.jpg
serbian,aesthetic,data/aesthetic_unaesthetic/normalized_sampled_aesthetic_unaesthetic/aesthetic/serbian_2.jpg
kenyan,aesthetic,data/aesthetic_unaesthetic/normalized_sampled_aesthetic_unaesthetic/aesthetic/kenyan_4.jpg
belgian,aesthetic,data/aesthetic_unaesthetic/normalized_sampled_aesthetic_unaesthetic/aesthetic/belgian_3.jpg
swedish,aesthetic,data/aesthetic_unaesthetic/normalized_sampled_aesthetic_unaesthetic/aesthetic/swedish_5.jpg
czech,aesthetic,data/aesthetic_unaesthetic/normalized_sampled_aesthetic_unaesthetic/aesthetic/czech_4.jpg
german,aesthetic,data/aesthetic_unaesthetic/normalized_sampled_aesthetic_unaesthetic/aesthetic/german_5.jpg
cameroonian,aesthetic,data/aesthetic_unaesthetic/normalized_sampled_aesthetic_unaesthetic/aesthetic/cameroonian_3.jpg
cameroonian,aesthetic,data/aesthetic_unaesthetic/normalized_sampled_aesthetic_unaesthetic/aesthetic/cameroonian_1.jpg
american,aesthetic,data/aesthetic_unaesthetic/normalized_sampled_aesthetic_unaesthetic/aesthetic/american_2.jpg
swiss,aesthetic,data/aesthetic_unaesthetic/normalized_sampled_aesthetic_unaesthetic/aesthetic/swiss_5.jpg
belgian,aesthetic,data/aesthetic_unaesthetic/normalized_sampled_aesthetic_unaesthetic/aesthetic/belgian_1.jpg
icelandic,aesthetic,data/aesthetic_unaesthetic/normalized_sampled_aesthetic_unaesthetic/aesthetic/icelandic_1.jpg
greek,aesthetic,data/aesthetic_unaesthetic/normalized_sampled_aesthetic_unaesthetic/aesthetic/greek_5.jpg
tunisian,aesthetic,data/aesthetic_unaesthetic/normalized_sampled_aesthetic_unaesthetic/aesthetic/tunisian_4.jpg
syrian,aesthetic,data/aesthetic_unaesthetic/normalized_sampled_aesthetic_unaesthetic/aesthetic/syrian_4.jpg
ecuadorian,aesthetic,data/aesthetic_unaesthetic/normalized_sampled_aesthetic_unaesthetic/aesthetic/ecuadorian_1.jpg
syrian,aesthetic,data/aesthetic_unaesthetic/normalized_sampled_aesthetic_unaesthetic/aesthetic/syrian_5.jpg
canadian,aesthetic,data/aesthetic_unaesthetic/normalized_sampled_aesthetic_unaesthetic/aesthetic/canadian_1.jpg
tunisian,aesthetic,data/aesthetic_unaesthetic/normalized_sampled_aesthetic_unaesthetic/aesthetic/tunisian_5.jpg
greek,aesthetic,data/aesthetic_unaesthetic/normalized_sampled_aesthetic_unaesthetic/aesthetic/greek_4.jpg
serbian,aesthetic,data/aesthetic_unaesthetic/normalized_sampled_aesthetic_unaesthetic/aesthetic/serbian_1.jpg
swiss,aesthetic,data/aesthetic_unaesthetic/normalized_sampled_aesthetic_unaesthetic/aesthetic/swiss_4.jpg
american,aesthetic,data/aesthetic_unaesthetic/normalized_sampled_aesthetic_unaesthetic/aesthetic/american_3.jpg
cameroonian,aesthetic,data/aesthetic_unaesthetic/normalized_sampled_aesthetic_unaesthetic/aesthetic/cameroonian_4.jpg
german,aesthetic,data/aesthetic_unaesthetic/normalized_sampled_aesthetic_unaesthetic/aesthetic/german_2.jpg
czech,aesthetic,data/aesthetic_unaesthetic/normalized_sampled_aesthetic_unaesthetic/aesthetic/czech_3.jpg
belgian,aesthetic,data/aesthetic_unaesthetic/normalized_sampled_aesthetic_unaesthetic/aesthetic/belgian_4.jpg
swedish,aesthetic,data/aesthetic_unaesthetic/normalized_sampled_aesthetic_unaesthetic/aesthetic/swedish_2.jpg
kenyan,aesthetic,data/aesthetic_unaesthetic/normalized_sampled_aesthetic_unaesthetic/aesthetic/kenyan_3.jpg
tunisian,aesthetic,data/aesthetic_unaesthetic/normalized_sampled_aesthetic_unaesthetic/aesthetic/tunisian_1.jpg
canadian,aesthetic,data/aesthetic_unaesthetic/normalized_sampled_aesthetic_unaesthetic/aesthetic/canadian_5.jpg
icelandic,aesthetic,data/aesthetic_unaesthetic/normalized_sampled_aesthetic_unaesthetic/aesthetic/icelandic_4.jpg
filipino,aesthetic,data/aesthetic_unaesthetic/normalized_sampled_aesthetic_unaesthetic/aesthetic/filipino_3.jpg
serbian,aesthetic,data/aesthetic_unaesthetic/normalized_sampled_aesthetic_unaesthetic/aesthetic/serbian_5.jpg
syrian,aesthetic,data/aesthetic_unaesthetic/normalized_sampled_aesthetic_unaesthetic/aesthetic/syrian_1.jpg
thai,aesthetic,data/aesthetic_unaesthetic/normalized_sampled_aesthetic_unaesthetic/aesthetic/thai_2.jpg
ecuadorian,aesthetic,data/aesthetic_unaesthetic/normalized_sampled_aesthetic_unaesthetic/aesthetic/ecuadorian_4.jpg
ecuadorian,aesthetic,data/aesthetic_unaesthetic/normalized_sampled_aesthetic_unaesthetic/aesthetic/ecuadorian_5.jpg
thai,aesthetic,data/aesthetic_unaesthetic/normalized_sampled_aesthetic_unaesthetic/aesthetic/thai_3.jpg
greek,aesthetic,data/aesthetic_unaesthetic/normalized_sampled_aesthetic_unaesthetic/aesthetic/greek_1.jpg
icelandic,aesthetic,data/aesthetic_unaesthetic/normalized_sampled_aesthetic_unaesthetic/aesthetic/icelandic_5.jpg
serbian,aesthetic,data/aesthetic_unaesthetic/normalized_sampled_aesthetic_unaesthetic/aesthetic/serbian_4.jpg
filipino,aesthetic,data/aesthetic_unaesthetic/normalized_sampled_aesthetic_unaesthetic/aesthetic/filipino_2.jpg
canadian,aesthetic,data/aesthetic_unaesthetic/normalized_sampled_aesthetic_unaesthetic/aesthetic/canadian_4.jpg
kenyan,aesthetic,data/aesthetic_unaesthetic/normalized_sampled_aesthetic_unaesthetic/aesthetic/kenyan_2.jpg
belgian,aesthetic,data/aesthetic_unaesthetic/normalized_sampled_aesthetic_unaesthetic/aesthetic/belgian_5.jpg
swedish,aesthetic,data/aesthetic_unaesthetic/normalized_sampled_aesthetic_unaesthetic/aesthetic/swedish_3.jpg
czech,aesthetic,data/aesthetic_unaesthetic/normalized_sampled_aesthetic_unaesthetic/aesthetic/czech_2.jpg
german,aesthetic,data/aesthetic_unaesthetic/normalized_sampled_aesthetic_unaesthetic/aesthetic/german_3.jpg
swiss,aesthetic,data/aesthetic_unaesthetic/normalized_sampled_aesthetic_unaesthetic/aesthetic/swiss_1.jpg
cameroonian,aesthetic,data/aesthetic_unaesthetic/normalized_sampled_aesthetic_unaesthetic/aesthetic/cameroonian_5.jpg
swiss,aesthetic,data/aesthetic_unaesthetic/normalized_sampled_aesthetic_unaesthetic/aesthetic/swiss_3.jpg
german,aesthetic,data/aesthetic_unaesthetic/normalized_sampled_aesthetic_unaesthetic/aesthetic/german_1.jpg
american,aesthetic,data/aesthetic_unaesthetic/normalized_sampled_aesthetic_unaesthetic/aesthetic/american_4.jpg
swedish,aesthetic,data/aesthetic_unaesthetic/normalized_sampled_aesthetic_unaesthetic/aesthetic/swedish_1.jpg
tunisian,aesthetic,data/aesthetic_unaesthetic/normalized_sampled_aesthetic_unaesthetic/aesthetic/tunisian_2.jpg
greek,aesthetic,data/aesthetic_unaesthetic/normalized_sampled_aesthetic_unaesthetic/aesthetic/greek_3.jpg
syrian,aesthetic,data/aesthetic_unaesthetic/normalized_sampled_aesthetic_unaesthetic/aesthetic/syrian_2.jpg
thai,aesthetic,data/aesthetic_unaesthetic/normalized_sampled_aesthetic_unaesthetic/aesthetic/thai_1.jpg
syrian,aesthetic,data/aesthetic_unaesthetic/normalized_sampled_aesthetic_unaesthetic/aesthetic/syrian_3.jpg
filipino,aesthetic,data/aesthetic_unaesthetic/normalized_sampled_aesthetic_unaesthetic/aesthetic/filipino_1.jpg
greek,aesthetic,data/aesthetic_unaesthetic/normalized_sampled_aesthetic_unaesthetic/aesthetic/greek_2.jpg
tunisian,aesthetic,data/aesthetic_unaesthetic/normalized_sampled_aesthetic_unaesthetic/aesthetic/tunisian_3.jpg
kenyan,aesthetic,data/aesthetic_unaesthetic/normalized_sampled_aesthetic_unaesthetic/aesthetic/kenyan_1.jpg
american,aesthetic,data/aesthetic_unaesthetic/normalized_sampled_aesthetic_unaesthetic/aesthetic/american_5.jpg
swiss,aesthetic,data/aesthetic_unaesthetic/normalized_sampled_aesthetic_unaesthetic/aesthetic/swiss_2.jpg
czech,aesthetic,data/aesthetic_unaesthetic/normalized_sampled_aesthetic_unaesthetic/aesthetic/czech_1.jpg
bahraini,aesthetic,data/aesthetic_unaesthetic/normalized_sampled_aesthetic_unaesthetic/aesthetic/bahraini_1.jpg
norwegian,aesthetic,data/aesthetic_unaesthetic/normalized_sampled_aesthetic_unaesthetic/aesthetic/norwegian_5.jpg
estonian,aesthetic,data/aesthetic_unaesthetic/normalized_sampled_aesthetic_unaesthetic/aesthetic/estonian_4.jpg
colombian,aesthetic,data/aesthetic_unaesthetic/normalized_sampled_aesthetic_unaesthetic/aesthetic/colombian_5.jpg
iranian,aesthetic,data/aesthetic_unaesthetic/normalized_sampled_aesthetic_unaesthetic/aesthetic/iranian_5.jpg
spanish,aesthetic,data/aesthetic_unaesthetic/normalized_sampled_aesthetic_unaesthetic/aesthetic/spanish_5.jpg
moroccan,aesthetic,data/aesthetic_unaesthetic/normalized_sampled_aesthetic_unaesthetic/aesthetic/moroccan_4.jpg
albanian,aesthetic,data/aesthetic_unaesthetic/normalized_sampled_aesthetic_unaesthetic/aesthetic/albanian_1.jpg
brazilian,aesthetic,data/aesthetic_unaesthetic/normalized_sampled_aesthetic_unaesthetic/aesthetic/brazilian_3.jpg
hungarian,aesthetic,data/aesthetic_unaesthetic/normalized_sampled_aesthetic_unaesthetic/aesthetic/hungarian_2.jpg
brazilian,aesthetic,data/aesthetic_unaesthetic/normalized_sampled_aesthetic_unaesthetic/aesthetic/brazilian_2.jpg
hungarian,aesthetic,data/aesthetic_unaesthetic/normalized_sampled_aesthetic_unaesthetic/aesthetic/hungarian_3.jpg
moroccan,aesthetic,data/aesthetic_unaesthetic/normalized_sampled_aesthetic_unaesthetic/aesthetic/moroccan_5.jpg
argentinean,aesthetic,data/aesthetic_unaesthetic/normalized_sampled_aesthetic_unaesthetic/aesthetic/argentinean_1.jpg
spanish,aesthetic,data/aesthetic_unaesthetic/normalized_sampled_aesthetic_unaesthetic/aesthetic/spanish_4.jpg
iranian,aesthetic,data/aesthetic_unaesthetic/normalized_sampled_aesthetic_unaesthetic/aesthetic/iranian_4.jpg
colombian,aesthetic,data/aesthetic_unaesthetic/normalized_sampled_aesthetic_unaesthetic/aesthetic/colombian_4.jpg
turkish,aesthetic,data/aesthetic_unaesthetic/normalized_sampled_aesthetic_unaesthetic/aesthetic/turkish_1.jpg
estonian,aesthetic,data/aesthetic_unaesthetic/normalized_sampled_aesthetic_unaesthetic/aesthetic/estonian_5.jpg
norwegian,aesthetic,data/aesthetic_unaesthetic/normalized_sampled_aesthetic_unaesthetic/aesthetic/norwegian_4.jpg
french,aesthetic,data/aesthetic_unaesthetic/normalized_sampled_aesthetic_unaesthetic/aesthetic/french_1.jpg
emirati,aesthetic,data/aesthetic_unaesthetic/normalized_sampled_aesthetic_unaesthetic/aesthetic/emirati_1.jpg
chinese,aesthetic,data/aesthetic_unaesthetic/normalized_sampled_aesthetic_unaesthetic/aesthetic/chinese_1.jpg
russian,aesthetic,data/aesthetic_unaesthetic/normalized_sampled_aesthetic_unaesthetic/aesthetic/russian_5.jpg
chinese,aesthetic,data/aesthetic_unaesthetic/normalized_sampled_aesthetic_unaesthetic/aesthetic/chinese_3.jpg
emirati,aesthetic,data/aesthetic_unaesthetic/normalized_sampled_aesthetic_unaesthetic/aesthetic/emirati_3.jpg
french,aesthetic,data/aesthetic_unaesthetic/normalized_sampled_aesthetic_unaesthetic/aesthetic/french_3.jpg
bahraini,aesthetic,data/aesthetic_unaesthetic/normalized_sampled_aesthetic_unaesthetic/aesthetic/bahraini_2.jpg
portuguese,aesthetic,data/aesthetic_unaesthetic/normalized_sampled_aesthetic_unaesthetic/aesthetic/portuguese_4.jpg
turkish,aesthetic,data/aesthetic_unaesthetic/normalized_sampled_aesthetic_unaesthetic/aesthetic/turkish_3.jpg
argentinean,aesthetic,data/aesthetic_unaesthetic/normalized_sampled_aesthetic_unaesthetic/aesthetic/argentinean_3.jpg
albanian,aesthetic,data/aesthetic_unaesthetic/normalized_sampled_aesthetic_unaesthetic/aesthetic/albanian_2.jpg
australian,aesthetic,data/aesthetic_unaesthetic/normalized_sampled_aesthetic_unaesthetic/aesthetic/australian_4.jpg
hungarian,aesthetic,data/aesthetic_unaesthetic/normalized_sampled_aesthetic_unaesthetic/aesthetic/hungarian_1.jpg
brazilian,aesthetic,data/aesthetic_unaesthetic/normalized_sampled_aesthetic_unaesthetic/aesthetic/brazilian_1.jpg
australian,aesthetic,data/aesthetic_unaesthetic/normalized_sampled_aesthetic_unaesthetic/aesthetic/australian_5.jpg
albanian,aesthetic,data/aesthetic_unaesthetic/normalized_sampled_aesthetic_unaesthetic/aesthetic/albanian_3.jpg
argentinean,aesthetic,data/aesthetic_unaesthetic/normalized_sampled_aesthetic_unaesthetic/aesthetic/argentinean_2.jpg
turkish,aesthetic,data/aesthetic_unaesthetic/normalized_sampled_aesthetic_unaesthetic/aesthetic/turkish_2.jpg
portuguese,aesthetic,data/aesthetic_unaesthetic/normalized_sampled_aesthetic_unaesthetic/aesthetic/portuguese_5.jpg
bahraini,aesthetic,data/aesthetic_unaesthetic/normalized_sampled_aesthetic_unaesthetic/aesthetic/bahraini_3.jpg
french,aesthetic,data/aesthetic_unaesthetic/normalized_sampled_aesthetic_unaesthetic/aesthetic/french_2.jpg
emirati,aesthetic,data/aesthetic_unaesthetic/normalized_sampled_aesthetic_unaesthetic/aesthetic/emirati_2.jpg
chinese,aesthetic,data/aesthetic_unaesthetic/normalized_sampled_aesthetic_unaesthetic/aesthetic/chinese_2.jpg
russian,aesthetic,data/aesthetic_unaesthetic/normalized_sampled_aesthetic_unaesthetic/aesthetic/russian_4.jpg
estonian,aesthetic,data/aesthetic_unaesthetic/normalized_sampled_aesthetic_unaesthetic/aesthetic/estonian_2.jpg
portuguese,aesthetic,data/aesthetic_unaesthetic/normalized_sampled_aesthetic_unaesthetic/aesthetic/portuguese_1.jpg
norwegian,aesthetic,data/aesthetic_unaesthetic/normalized_sampled_aesthetic_unaesthetic/aesthetic/norwegian_3.jpg
colombian,aesthetic,data/aesthetic_unaesthetic/normalized_sampled_aesthetic_unaesthetic/aesthetic/colombian_3.jpg
spanish,aesthetic,data/aesthetic_unaesthetic/normalized_sampled_aesthetic_unaesthetic/aesthetic/spanish_3.jpg
iranian,aesthetic,data/aesthetic_unaesthetic/normalized_sampled_aesthetic_unaesthetic/aesthetic/iranian_3.jpg
moroccan,aesthetic,data/aesthetic_unaesthetic/normalized_sampled_aesthetic_unaesthetic/aesthetic/moroccan_2.jpg
australian,aesthetic,data/aesthetic_unaesthetic/normalized_sampled_aesthetic_unaesthetic/aesthetic/australian_1.jpg
brazilian,aesthetic,data/aesthetic_unaesthetic/normalized_sampled_aesthetic_unaesthetic/aesthetic/brazilian_5.jpg
hungarian,aesthetic,data/aesthetic_unaesthetic/normalized_sampled_aesthetic_unaesthetic/aesthetic/hungarian_4.jpg
brazilian,aesthetic,data/aesthetic_unaesthetic/normalized_sampled_aesthetic_unaesthetic/aesthetic/brazilian_4.jpg
hungarian,aesthetic,data/aesthetic_unaesthetic/normalized_sampled_aesthetic_unaesthetic/aesthetic/hungarian_5.jpg
moroccan,aesthetic,data/aesthetic_unaesthetic/normalized_sampled_aesthetic_unaesthetic/aesthetic/moroccan_3.jpg
iranian,aesthetic,data/aesthetic_unaesthetic/normalized_sampled_aesthetic_unaesthetic/aesthetic/iranian_2.jpg
spanish,aesthetic,data/aesthetic_unaesthetic/normalized_sampled_aesthetic_unaesthetic/aesthetic/spanish_2.jpg
colombian,aesthetic,data/aesthetic_unaesthetic/normalized_sampled_aesthetic_unaesthetic/aesthetic/colombian_2.jpg
norwegian,aesthetic,data/aesthetic_unaesthetic/normalized_sampled_aesthetic_unaesthetic/aesthetic/norwegian_2.jpg
estonian,aesthetic,data/aesthetic_unaesthetic/normalized_sampled_aesthetic_unaesthetic/aesthetic/estonian_3.jpg
russian,aesthetic,data/aesthetic_unaesthetic/normalized_sampled_aesthetic_unaesthetic/aesthetic/russian_1.jpg
emirati,aesthetic,data/aesthetic_unaesthetic/normalized_sampled_aesthetic_unaesthetic/aesthetic/emirati_5.jpg
chinese,aesthetic,data/aesthetic_unaesthetic/normalized_sampled_aesthetic_unaesthetic/aesthetic/chinese_5.jpg
russian,aesthetic,data/aesthetic_unaesthetic/normalized_sampled_aesthetic_unaesthetic/aesthetic/russian_3.jpg
bahraini,aesthetic,data/aesthetic_unaesthetic/normalized_sampled_aesthetic_unaesthetic/aesthetic/bahraini_4.jpg
french,aesthetic,data/aesthetic_unaesthetic/normalized_sampled_aesthetic_unaesthetic/aesthetic/french_5.jpg
portuguese,aesthetic,data/aesthetic_unaesthetic/normalized_sampled_aesthetic_unaesthetic/aesthetic/portuguese_2.jpg
estonian,aesthetic,data/aesthetic_unaesthetic/normalized_sampled_aesthetic_unaesthetic/aesthetic/estonian_1.jpg
turkish,aesthetic,data/aesthetic_unaesthetic/normalized_sampled_aesthetic_unaesthetic/aesthetic/turkish_5.jpg
argentinean,aesthetic,data/aesthetic_unaesthetic/normalized_sampled_aesthetic_unaesthetic/aesthetic/argentinean_5.jpg
moroccan,aesthetic,data/aesthetic_unaesthetic/normalized_sampled_aesthetic_unaesthetic/aesthetic/moroccan_1.jpg
australian,aesthetic,data/aesthetic_unaesthetic/normalized_sampled_aesthetic_unaesthetic/aesthetic/australian_2.jpg
albanian,aesthetic,data/aesthetic_unaesthetic/normalized_sampled_aesthetic_unaesthetic/aesthetic/albanian_4.jpg
albanian,aesthetic,data/aesthetic_unaesthetic/normalized_sampled_aesthetic_unaesthetic/aesthetic/albanian_5.jpg
australian,aesthetic,data/aesthetic_unaesthetic/normalized_sampled_aesthetic_unaesthetic/aesthetic/australian_3.jpg
argentinean,aesthetic,data/aesthetic_unaesthetic/normalized_sampled_aesthetic_unaesthetic/aesthetic/argentinean_4.jpg
iranian,aesthetic,data/aesthetic_unaesthetic/normalized_sampled_aesthetic_unaesthetic/aesthetic/iranian_1.jpg
spanish,aesthetic,data/aesthetic_unaesthetic/normalized_sampled_aesthetic_unaesthetic/aesthetic/spanish_1.jpg
colombian,aesthetic,data/aesthetic_unaesthetic/normalized_sampled_aesthetic_unaesthetic/aesthetic/colombian_1.jpg
turkish,aesthetic,data/aesthetic_unaesthetic/normalized_sampled_aesthetic_unaesthetic/aesthetic/turkish_4.jpg
norwegian,aesthetic,data/aesthetic_unaesthetic/normalized_sampled_aesthetic_unaesthetic/aesthetic/norwegian_1.jpg
portuguese,aesthetic,data/aesthetic_unaesthetic/normalized_sampled_aesthetic_unaesthetic/aesthetic/portuguese_3.jpg
french,aesthetic,data/aesthetic_unaesthetic/normalized_sampled_aesthetic_unaesthetic/aesthetic/french_4.jpg
bahraini,aesthetic,data/aesthetic_unaesthetic/normalized_sampled_aesthetic_unaesthetic/aesthetic/bahraini_5.jpg
russian,aesthetic,data/aesthetic_unaesthetic/normalized_sampled_aesthetic_unaesthetic/aesthetic/russian_2.jpg
chinese,aesthetic,data/aesthetic_unaesthetic/normalized_sampled_aesthetic_unaesthetic/aesthetic/chinese_4.jpg
emirati,aesthetic,data/aesthetic_unaesthetic/normalized_sampled_aesthetic_unaesthetic/aesthetic/emirati_4.jpg
south-korean,aesthetic,data/aesthetic_unaesthetic/normalized_sampled_aesthetic_unaesthetic/aesthetic/south-korean_2.jpg
moldovan,aesthetic,data/aesthetic_unaesthetic/normalized_sampled_aesthetic_unaesthetic/aesthetic/moldovan_4.jpg
mexican,aesthetic,data/aesthetic_unaesthetic/normalized_sampled_aesthetic_unaesthetic/aesthetic/mexican_1.jpg
italian,aesthetic,data/aesthetic_unaesthetic/normalized_sampled_aesthetic_unaesthetic/aesthetic/italian_2.jpg
peruvian,aesthetic,data/aesthetic_unaesthetic/normalized_sampled_aesthetic_unaesthetic/aesthetic/peruvian_2.jpg
japanese,aesthetic,data/aesthetic_unaesthetic/normalized_sampled_aesthetic_unaesthetic/aesthetic/japanese_1.jpg
azerbaijani,aesthetic,data/aesthetic_unaesthetic/normalized_sampled_aesthetic_unaesthetic/aesthetic/azerbaijani_4.jpg
ukrainian,aesthetic,data/aesthetic_unaesthetic/normalized_sampled_aesthetic_unaesthetic/aesthetic/ukrainian_1.jpg
luxembourgers,aesthetic,data/aesthetic_unaesthetic/normalized_sampled_aesthetic_unaesthetic/aesthetic/luxembourgers_5.jpg
latvian,aesthetic,data/aesthetic_unaesthetic/normalized_sampled_aesthetic_unaesthetic/aesthetic/latvian_1.jpg
luxembourgers,aesthetic,data/aesthetic_unaesthetic/normalized_sampled_aesthetic_unaesthetic/aesthetic/luxembourgers_4.jpg
azerbaijani,aesthetic,data/aesthetic_unaesthetic/normalized_sampled_aesthetic_unaesthetic/aesthetic/azerbaijani_5.jpg
armenian,aesthetic,data/aesthetic_unaesthetic/normalized_sampled_aesthetic_unaesthetic/aesthetic/armenian_1.jpg
peruvian,aesthetic,data/aesthetic_unaesthetic/normalized_sampled_aesthetic_unaesthetic/aesthetic/peruvian_3.jpg
slovak,aesthetic,data/aesthetic_unaesthetic/normalized_sampled_aesthetic_unaesthetic/aesthetic/slovak_1.jpg
italian,aesthetic,data/aesthetic_unaesthetic/normalized_sampled_aesthetic_unaesthetic/aesthetic/italian_3.jpg
moldovan,aesthetic,data/aesthetic_unaesthetic/normalized_sampled_aesthetic_unaesthetic/aesthetic/moldovan_5.jpg
south-korean,aesthetic,data/aesthetic_unaesthetic/normalized_sampled_aesthetic_unaesthetic/aesthetic/south-korean_3.jpg
venezuelan,aesthetic,data/aesthetic_unaesthetic/normalized_sampled_aesthetic_unaesthetic/aesthetic/venezuelan_1.jpg
venezuelan,aesthetic,data/aesthetic_unaesthetic/normalized_sampled_aesthetic_unaesthetic/aesthetic/venezuelan_3.jpg
romanian,aesthetic,data/aesthetic_unaesthetic/normalized_sampled_aesthetic_unaesthetic/aesthetic/romanian_4.jpg
south-korean,aesthetic,data/aesthetic_unaesthetic/normalized_sampled_aesthetic_unaesthetic/aesthetic/south-korean_1.jpg
chilean,aesthetic,data/aesthetic_unaesthetic/normalized_sampled_aesthetic_unaesthetic/aesthetic/chilean_4.jpg
mexican,aesthetic,data/aesthetic_unaesthetic/normalized_sampled_aesthetic_unaesthetic/aesthetic/mexican_2.jpg
italian,aesthetic,data/aesthetic_unaesthetic/normalized_sampled_aesthetic_unaesthetic/aesthetic/italian_1.jpg
slovak,aesthetic,data/aesthetic_unaesthetic/normalized_sampled_aesthetic_unaesthetic/aesthetic/slovak_3.jpg
indian,aesthetic,data/aesthetic_unaesthetic/normalized_sampled_aesthetic_unaesthetic/aesthetic/indian_4.jpg
peruvian,aesthetic,data/aesthetic_unaesthetic/normalized_sampled_aesthetic_unaesthetic/aesthetic/peruvian_1.jpg
armenian,aesthetic,data/aesthetic_unaesthetic/normalized_sampled_aesthetic_unaesthetic/aesthetic/armenian_3.jpg
japanese,aesthetic,data/aesthetic_unaesthetic/normalized_sampled_aesthetic_unaesthetic/aesthetic/japanese_2.jpg
ukrainian,aesthetic,data/aesthetic_unaesthetic/normalized_sampled_aesthetic_unaesthetic/aesthetic/ukrainian_2.jpg
egyptian,aesthetic,data/aesthetic_unaesthetic/normalized_sampled_aesthetic_unaesthetic/aesthetic/egyptian_4.jpg
latvian,aesthetic,data/aesthetic_unaesthetic/normalized_sampled_aesthetic_unaesthetic/aesthetic/latvian_2.jpg
egyptian,aesthetic,data/aesthetic_unaesthetic/normalized_sampled_aesthetic_unaesthetic/aesthetic/egyptian_5.jpg
latvian,aesthetic,data/aesthetic_unaesthetic/normalized_sampled_aesthetic_unaesthetic/aesthetic/latvian_3.jpg
ukrainian,aesthetic,data/aesthetic_unaesthetic/normalized_sampled_aesthetic_unaesthetic/aesthetic/ukrainian_3.jpg
japanese,aesthetic,data/aesthetic_unaesthetic/normalized_sampled_aesthetic_unaesthetic/aesthetic/japanese_3.jpg
armenian,aesthetic,data/aesthetic_unaesthetic/normalized_sampled_aesthetic_unaesthetic/aesthetic/armenian_2.jpg
indian,aesthetic,data/aesthetic_unaesthetic/normalized_sampled_aesthetic_unaesthetic/aesthetic/indian_5.jpg
slovak,aesthetic,data/aesthetic_unaesthetic/normalized_sampled_aesthetic_unaesthetic/aesthetic/slovak_2.jpg
chilean,aesthetic,data/aesthetic_unaesthetic/normalized_sampled_aesthetic_unaesthetic/aesthetic/chilean_5.jpg
mexican,aesthetic,data/aesthetic_unaesthetic/normalized_sampled_aesthetic_unaesthetic/aesthetic/mexican_3.jpg
romanian,aesthetic,data/aesthetic_unaesthetic/normalized_sampled_aesthetic_unaesthetic/aesthetic/romanian_5.jpg
venezuelan,aesthetic,data/aesthetic_unaesthetic/normalized_sampled_aesthetic_unaesthetic/aesthetic/venezuelan_2.jpg
romanian,aesthetic,data/aesthetic_unaesthetic/normalized_sampled_aesthetic_unaesthetic/aesthetic/romanian_1.jpg
chilean,aesthetic,data/aesthetic_unaesthetic/normalized_sampled_aesthetic_unaesthetic/aesthetic/chilean_1.jpg
moldovan,aesthetic,data/aesthetic_unaesthetic/normalized_sampled_aesthetic_unaesthetic/aesthetic/moldovan_2.jpg
south-korean,aesthetic,data/aesthetic_unaesthetic/normalized_sampled_aesthetic_unaesthetic/aesthetic/south-korean_4.jpg
italian,aesthetic,data/aesthetic_unaesthetic/normalized_sampled_aesthetic_unaesthetic/aesthetic/italian_4.jpg
indian,aesthetic,data/aesthetic_unaesthetic/normalized_sampled_aesthetic_unaesthetic/aesthetic/indian_1.jpg
peruvian,aesthetic,data/aesthetic_unaesthetic/normalized_sampled_aesthetic_unaesthetic/aesthetic/peruvian_4.jpg
azerbaijani,aesthetic,data/aesthetic_unaesthetic/normalized_sampled_aesthetic_unaesthetic/aesthetic/azerbaijani_2.jpg
egyptian,aesthetic,data/aesthetic_unaesthetic/normalized_sampled_aesthetic_unaesthetic/aesthetic/egyptian_1.jpg
luxembourgers,aesthetic,data/aesthetic_unaesthetic/normalized_sampled_aesthetic_unaesthetic/aesthetic/luxembourgers_3.jpg
luxembourgers,aesthetic,data/aesthetic_unaesthetic/normalized_sampled_aesthetic_unaesthetic/aesthetic/luxembourgers_2.jpg
azerbaijani,aesthetic,data/aesthetic_unaesthetic/normalized_sampled_aesthetic_unaesthetic/aesthetic/azerbaijani_3.jpg
peruvian,aesthetic,data/aesthetic_unaesthetic/normalized_sampled_aesthetic_unaesthetic/aesthetic/peruvian_5.jpg
italian,aesthetic,data/aesthetic_unaesthetic/normalized_sampled_aesthetic_unaesthetic/aesthetic/italian_5.jpg
south-korean,aesthetic,data/aesthetic_unaesthetic/normalized_sampled_aesthetic_unaesthetic/aesthetic/south-korean_5.jpg
moldovan,aesthetic,data/aesthetic_unaesthetic/normalized_sampled_aesthetic_unaesthetic/aesthetic/moldovan_3.jpg
venezuelan,aesthetic,data/aesthetic_unaesthetic/normalized_sampled_aesthetic_unaesthetic/aesthetic/venezuelan_5.jpg
romanian,aesthetic,data/aesthetic_unaesthetic/normalized_sampled_aesthetic_unaesthetic/aesthetic/romanian_2.jpg
moldovan,aesthetic,data/aesthetic_unaesthetic/normalized_sampled_aesthetic_unaesthetic/aesthetic/moldovan_1.jpg
chilean,aesthetic,data/aesthetic_unaesthetic/normalized_sampled_aesthetic_unaesthetic/aesthetic/chilean_2.jpg
mexican,aesthetic,data/aesthetic_unaesthetic/normalized_sampled_aesthetic_unaesthetic/aesthetic/mexican_4.jpg
slovak,aesthetic,data/aesthetic_unaesthetic/normalized_sampled_aesthetic_unaesthetic/aesthetic/slovak_5.jpg
indian,aesthetic,data/aesthetic_unaesthetic/normalized_sampled_aesthetic_unaesthetic/aesthetic/indian_2.jpg
ukrainian,aesthetic,data/aesthetic_unaesthetic/normalized_sampled_aesthetic_unaesthetic/aesthetic/ukrainian_4.jpg
armenian,aesthetic,data/aesthetic_unaesthetic/normalized_sampled_aesthetic_unaesthetic/aesthetic/armenian_5.jpg
japanese,aesthetic,data/aesthetic_unaesthetic/normalized_sampled_aesthetic_unaesthetic/aesthetic/japanese_4.jpg
azerbaijani,aesthetic,data/aesthetic_unaesthetic/normalized_sampled_aesthetic_unaesthetic/aesthetic/azerbaijani_1.jpg
egyptian,aesthetic,data/aesthetic_unaesthetic/normalized_sampled_aesthetic_unaesthetic/aesthetic/egyptian_2.jpg
latvian,aesthetic,data/aesthetic_unaesthetic/normalized_sampled_aesthetic_unaesthetic/aesthetic/latvian_4.jpg
luxembourgers,aesthetic,data/aesthetic_unaesthetic/normalized_sampled_aesthetic_unaesthetic/aesthetic/luxembourgers_1.jpg
egyptian,aesthetic,data/aesthetic_unaesthetic/normalized_sampled_aesthetic_unaesthetic/aesthetic/egyptian_3.jpg
latvian,aesthetic,data/aesthetic_unaesthetic/normalized_sampled_aesthetic_unaesthetic/aesthetic/latvian_5.jpg
japanese,aesthetic,data/aesthetic_unaesthetic/normalized_sampled_aesthetic_unaesthetic/aesthetic/japanese_5.jpg
armenian,aesthetic,data/aesthetic_unaesthetic/normalized_sampled_aesthetic_unaesthetic/aesthetic/armenian_4.jpg
ukrainian,aesthetic,data/aesthetic_unaesthetic/normalized_sampled_aesthetic_unaesthetic/aesthetic/ukrainian_5.jpg
indian,aesthetic,data/aesthetic_unaesthetic/normalized_sampled_aesthetic_unaesthetic/aesthetic/indian_3.jpg
slovak,aesthetic,data/aesthetic_unaesthetic/normalized_sampled_aesthetic_unaesthetic/aesthetic/slovak_4.jpg
chilean,aesthetic,data/aesthetic_unaesthetic/normalized_sampled_aesthetic_unaesthetic/aesthetic/chilean_3.jpg
mexican,aesthetic,data/aesthetic_unaesthetic/normalized_sampled_aesthetic_unaesthetic/aesthetic/mexican_5.jpg
romanian,aesthetic,data/aesthetic_unaesthetic/normalized_sampled_aesthetic_unaesthetic/aesthetic/romanian_3.jpg
venezuelan,aesthetic,data/aesthetic_unaesthetic/normalized_sampled_aesthetic_unaesthetic/aesthetic/venezuelan_4.jpg
belarusian,unaesthetic,data/aesthetic_unaesthetic/normalized_sampled_aesthetic_unaesthetic/unaesthetic/belarusian_2.jpg
indonesian,unaesthetic,data/aesthetic_unaesthetic/normalized_sampled_aesthetic_unaesthetic/unaesthetic/indonesian_2.jpg
nigerian,unaesthetic,data/aesthetic_unaesthetic/normalized_sampled_aesthetic_unaesthetic/unaesthetic/nigerian_4.jpg
polish,unaesthetic,data/aesthetic_unaesthetic/normalized_sampled_aesthetic_unaesthetic/unaesthetic/polish_1.jpg
slovenian,unaesthetic,data/aesthetic_unaesthetic/normalized_sampled_aesthetic_unaesthetic/unaesthetic/slovenian_1.jpg
british,unaesthetic,data/aesthetic_unaesthetic/normalized_sampled_aesthetic_unaesthetic/unaesthetic/british_1.jpg
dutch,unaesthetic,data/aesthetic_unaesthetic/normalized_sampled_aesthetic_unaesthetic/unaesthetic/dutch_3.jpg
austrian,unaesthetic,data/aesthetic_unaesthetic/normalized_sampled_aesthetic_unaesthetic/unaesthetic/austrian_2.jpg
finnish,unaesthetic,data/aesthetic_unaesthetic/normalized_sampled_aesthetic_unaesthetic/unaesthetic/finnish_4.jpg
cuban,unaesthetic,data/aesthetic_unaesthetic/normalized_sampled_aesthetic_unaesthetic/unaesthetic/cuban_4.jpg
jamaican,unaesthetic,data/aesthetic_unaesthetic/normalized_sampled_aesthetic_unaesthetic/unaesthetic/jamaican_4.jpg
jamaican,unaesthetic,data/aesthetic_unaesthetic/normalized_sampled_aesthetic_unaesthetic/unaesthetic/jamaican_5.jpg
cuban,unaesthetic,data/aesthetic_unaesthetic/normalized_sampled_aesthetic_unaesthetic/unaesthetic/cuban_5.jpg
finnish,unaesthetic,data/aesthetic_unaesthetic/normalized_sampled_aesthetic_unaesthetic/unaesthetic/finnish_5.jpg
austrian,unaesthetic,data/aesthetic_unaesthetic/normalized_sampled_aesthetic_unaesthetic/unaesthetic/austrian_3.jpg
dutch,unaesthetic,data/aesthetic_unaesthetic/normalized_sampled_aesthetic_unaesthetic/unaesthetic/dutch_2.jpg
indonesian,unaesthetic,data/aesthetic_unaesthetic/normalized_sampled_aesthetic_unaesthetic/unaesthetic/indonesian_3.jpg
nigerian,unaesthetic,data/aesthetic_unaesthetic/normalized_sampled_aesthetic_unaesthetic/unaesthetic/nigerian_5.jpg
namibians,unaesthetic,data/aesthetic_unaesthetic/normalized_sampled_aesthetic_unaesthetic/unaesthetic/namibians_1.jpg
belarusian,unaesthetic,data/aesthetic_unaesthetic/normalized_sampled_aesthetic_unaesthetic/unaesthetic/belarusian_3.jpg
belarusian,unaesthetic,data/aesthetic_unaesthetic/normalized_sampled_aesthetic_unaesthetic/unaesthetic/belarusian_1.jpg
namibians,unaesthetic,data/aesthetic_unaesthetic/normalized_sampled_aesthetic_unaesthetic/unaesthetic/namibians_3.jpg
macedonian,unaesthetic,data/aesthetic_unaesthetic/normalized_sampled_aesthetic_unaesthetic/unaesthetic/macedonian_4.jpg
croatian,unaesthetic,data/aesthetic_unaesthetic/normalized_sampled_aesthetic_unaesthetic/unaesthetic/croatian_5.jpg
indonesian,unaesthetic,data/aesthetic_unaesthetic/normalized_sampled_aesthetic_unaesthetic/unaesthetic/indonesian_1.jpg
polish,unaesthetic,data/aesthetic_unaesthetic/normalized_sampled_aesthetic_unaesthetic/unaesthetic/polish_2.jpg
libyan,unaesthetic,data/aesthetic_unaesthetic/normalized_sampled_aesthetic_unaesthetic/unaesthetic/libyan_4.jpg
ethiopian,unaesthetic,data/aesthetic_unaesthetic/normalized_sampled_aesthetic_unaesthetic/unaesthetic/ethiopian_4.jpg
slovenian,unaesthetic,data/aesthetic_unaesthetic/normalized_sampled_aesthetic_unaesthetic/unaesthetic/slovenian_2.jpg
georgian,unaesthetic,data/aesthetic_unaesthetic/normalized_sampled_aesthetic_unaesthetic/unaesthetic/georgian_5.jpg
british,unaesthetic,data/aesthetic_unaesthetic/normalized_sampled_aesthetic_unaesthetic/unaesthetic/british_2.jpg
bulgarian,unaesthetic,data/aesthetic_unaesthetic/normalized_sampled_aesthetic_unaesthetic/unaesthetic/bulgarian_5.jpg
austrian,unaesthetic,data/aesthetic_unaesthetic/normalized_sampled_aesthetic_unaesthetic/unaesthetic/austrian_1.jpg
lithuanian,unaesthetic,data/aesthetic_unaesthetic/normalized_sampled_aesthetic_unaesthetic/unaesthetic/lithuanian_4.jpg
lithuanian,unaesthetic,data/aesthetic_unaesthetic/normalized_sampled_aesthetic_unaesthetic/unaesthetic/lithuanian_5.jpg
bulgarian,unaesthetic,data/aesthetic_unaesthetic/normalized_sampled_aesthetic_unaesthetic/unaesthetic/bulgarian_4.jpg
dutch,unaesthetic,data/aesthetic_unaesthetic/normalized_sampled_aesthetic_unaesthetic/unaesthetic/dutch_1.jpg
british,unaesthetic,data/aesthetic_unaesthetic/normalized_sampled_aesthetic_unaesthetic/unaesthetic/british_3.jpg
georgian,unaesthetic,data/aesthetic_unaesthetic/normalized_sampled_aesthetic_unaesthetic/unaesthetic/georgian_4.jpg
slovenian,unaesthetic,data/aesthetic_unaesthetic/normalized_sampled_aesthetic_unaesthetic/unaesthetic/slovenian_3.jpg
ethiopian,unaesthetic,data/aesthetic_unaesthetic/normalized_sampled_aesthetic_unaesthetic/unaesthetic/ethiopian_5.jpg
libyan,unaesthetic,data/aesthetic_unaesthetic/normalized_sampled_aesthetic_unaesthetic/unaesthetic/libyan_5.jpg
polish,unaesthetic,data/aesthetic_unaesthetic/normalized_sampled_aesthetic_unaesthetic/unaesthetic/polish_3.jpg
croatian,unaesthetic,data/aesthetic_unaesthetic/normalized_sampled_aesthetic_unaesthetic/unaesthetic/croatian_4.jpg
namibians,unaesthetic,data/aesthetic_unaesthetic/normalized_sampled_aesthetic_unaesthetic/unaesthetic/namibians_2.jpg
macedonian,unaesthetic,data/aesthetic_unaesthetic/normalized_sampled_aesthetic_unaesthetic/unaesthetic/macedonian_5.jpg
macedonian,unaesthetic,data/aesthetic_unaesthetic/normalized_sampled_aesthetic_unaesthetic/unaesthetic/macedonian_1.jpg
belarusian,unaesthetic,data/aesthetic_unaesthetic/normalized_sampled_aesthetic_unaesthetic/unaesthetic/belarusian_4.jpg
libyan,unaesthetic,data/aesthetic_unaesthetic/normalized_sampled_aesthetic_unaesthetic/unaesthetic/libyan_1.jpg
indonesian,unaesthetic,data/aesthetic_unaesthetic/normalized_sampled_aesthetic_unaesthetic/unaesthetic/indonesian_4.jpg
nigerian,unaesthetic,data/aesthetic_unaesthetic/normalized_sampled_aesthetic_unaesthetic/unaesthetic/nigerian_2.jpg
ethiopian,unaesthetic,data/aesthetic_unaesthetic/normalized_sampled_aesthetic_unaesthetic/unaesthetic/ethiopian_1.jpg
finnish,unaesthetic,data/aesthetic_unaesthetic/normalized_sampled_aesthetic_unaesthetic/unaesthetic/finnish_2.jpg
austrian,unaesthetic,data/aesthetic_unaesthetic/normalized_sampled_aesthetic_unaesthetic/unaesthetic/austrian_4.jpg
dutch,unaesthetic,data/aesthetic_unaesthetic/normalized_sampled_aesthetic_unaesthetic/unaesthetic/dutch_5.jpg
jamaican,unaesthetic,data/aesthetic_unaesthetic/normalized_sampled_aesthetic_unaesthetic/unaesthetic/jamaican_2.jpg
cuban,unaesthetic,data/aesthetic_unaesthetic/normalized_sampled_aesthetic_unaesthetic/unaesthetic/cuban_2.jpg
lithuanian,unaesthetic,data/aesthetic_unaesthetic/normalized_sampled_aesthetic_unaesthetic/unaesthetic/lithuanian_1.jpg
cuban,unaesthetic,data/aesthetic_unaesthetic/normalized_sampled_aesthetic_unaesthetic/unaesthetic/cuban_3.jpg
jamaican,unaesthetic,data/aesthetic_unaesthetic/normalized_sampled_aesthetic_unaesthetic/unaesthetic/jamaican_3.jpg
bulgarian,unaesthetic,data/aesthetic_unaesthetic/normalized_sampled_aesthetic_unaesthetic/unaesthetic/bulgarian_1.jpg
dutch,unaesthetic,data/aesthetic_unaesthetic/normalized_sampled_aesthetic_unaesthetic/unaesthetic/dutch_4.jpg
austrian,unaesthetic,data/aesthetic_unaesthetic/normalized_sampled_aesthetic_unaesthetic/unaesthetic/austrian_5.jpg
finnish,unaesthetic,data/aesthetic_unaesthetic/normalized_sampled_aesthetic_unaesthetic/unaesthetic/finnish_3.jpg
georgian,unaesthetic,data/aesthetic_unaesthetic/normalized_sampled_aesthetic_unaesthetic/unaesthetic/georgian_1.jpg
indonesian,unaesthetic,data/aesthetic_unaesthetic/normalized_sampled_aesthetic_unaesthetic/unaesthetic/indonesian_5.jpg
nigerian,unaesthetic,data/aesthetic_unaesthetic/normalized_sampled_aesthetic_unaesthetic/unaesthetic/nigerian_3.jpg
belarusian,unaesthetic,data/aesthetic_unaesthetic/normalized_sampled_aesthetic_unaesthetic/unaesthetic/belarusian_5.jpg
croatian,unaesthetic,data/aesthetic_unaesthetic/normalized_sampled_aesthetic_unaesthetic/unaesthetic/croatian_1.jpg
croatian,unaesthetic,data/aesthetic_unaesthetic/normalized_sampled_aesthetic_unaesthetic/unaesthetic/croatian_3.jpg
namibians,unaesthetic,data/aesthetic_unaesthetic/normalized_sampled_aesthetic_unaesthetic/unaesthetic/namibians_5.jpg
macedonian,unaesthetic,data/aesthetic_unaesthetic/normalized_sampled_aesthetic_unaesthetic/unaesthetic/macedonian_2.jpg
libyan,unaesthetic,data/aesthetic_unaesthetic/normalized_sampled_aesthetic_unaesthetic/unaesthetic/libyan_2.jpg
polish,unaesthetic,data/aesthetic_unaesthetic/normalized_sampled_aesthetic_unaesthetic/unaesthetic/polish_4.jpg
nigerian,unaesthetic,data/aesthetic_unaesthetic/normalized_sampled_aesthetic_unaesthetic/unaesthetic/nigerian_1.jpg
ethiopian,unaesthetic,data/aesthetic_unaesthetic/normalized_sampled_aesthetic_unaesthetic/unaesthetic/ethiopian_2.jpg
georgian,unaesthetic,data/aesthetic_unaesthetic/normalized_sampled_aesthetic_unaesthetic/unaesthetic/georgian_3.jpg
slovenian,unaesthetic,data/aesthetic_unaesthetic/normalized_sampled_aesthetic_unaesthetic/unaesthetic/slovenian_4.jpg
british,unaesthetic,data/aesthetic_unaesthetic/normalized_sampled_aesthetic_unaesthetic/unaesthetic/british_4.jpg
finnish,unaesthetic,data/aesthetic_unaesthetic/normalized_sampled_aesthetic_unaesthetic/unaesthetic/finnish_1.jpg
bulgarian,unaesthetic,data/aesthetic_unaesthetic/normalized_sampled_aesthetic_unaesthetic/unaesthetic/bulgarian_3.jpg
cuban,unaesthetic,data/aesthetic_unaesthetic/normalized_sampled_aesthetic_unaesthetic/unaesthetic/cuban_1.jpg
jamaican,unaesthetic,data/aesthetic_unaesthetic/normalized_sampled_aesthetic_unaesthetic/unaesthetic/jamaican_1.jpg
lithuanian,unaesthetic,data/aesthetic_unaesthetic/normalized_sampled_aesthetic_unaesthetic/unaesthetic/lithuanian_2.jpg
lithuanian,unaesthetic,data/aesthetic_unaesthetic/normalized_sampled_aesthetic_unaesthetic/unaesthetic/lithuanian_3.jpg
bulgarian,unaesthetic,data/aesthetic_unaesthetic/normalized_sampled_aesthetic_unaesthetic/unaesthetic/bulgarian_2.jpg
british,unaesthetic,data/aesthetic_unaesthetic/normalized_sampled_aesthetic_unaesthetic/unaesthetic/british_5.jpg
slovenian,unaesthetic,data/aesthetic_unaesthetic/normalized_sampled_aesthetic_unaesthetic/unaesthetic/slovenian_5.jpg
georgian,unaesthetic,data/aesthetic_unaesthetic/normalized_sampled_aesthetic_unaesthetic/unaesthetic/georgian_2.jpg
ethiopian,unaesthetic,data/aesthetic_unaesthetic/normalized_sampled_aesthetic_unaesthetic/unaesthetic/ethiopian_3.jpg
polish,unaesthetic,data/aesthetic_unaesthetic/normalized_sampled_aesthetic_unaesthetic/unaesthetic/polish_5.jpg
libyan,unaesthetic,data/aesthetic_unaesthetic/normalized_sampled_aesthetic_unaesthetic/unaesthetic/libyan_3.jpg
namibians,unaesthetic,data/aesthetic_unaesthetic/normalized_sampled_aesthetic_unaesthetic/unaesthetic/namibians_4.jpg
macedonian,unaesthetic,data/aesthetic_unaesthetic/normalized_sampled_aesthetic_unaesthetic/unaesthetic/macedonian_3.jpg
croatian,unaesthetic,data/aesthetic_unaesthetic/normalized_sampled_aesthetic_unaesthetic/unaesthetic/croatian_2.jpg
cameroonian,unaesthetic,data/aesthetic_unaesthetic/normalized_sampled_aesthetic_unaesthetic/unaesthetic/cameroonian_2.jpg
german,unaesthetic,data/aesthetic_unaesthetic/normalized_sampled_aesthetic_unaesthetic/unaesthetic/german_4.jpg
czech,unaesthetic,data/aesthetic_unaesthetic/normalized_sampled_aesthetic_unaesthetic/unaesthetic/czech_5.jpg
american,unaesthetic,data/aesthetic_unaesthetic/normalized_sampled_aesthetic_unaesthetic/unaesthetic/american_1.jpg
belgian,unaesthetic,data/aesthetic_unaesthetic/normalized_sampled_aesthetic_unaesthetic/unaesthetic/belgian_2.jpg
swedish,unaesthetic,data/aesthetic_unaesthetic/normalized_sampled_aesthetic_unaesthetic/unaesthetic/swedish_4.jpg
kenyan,unaesthetic,data/aesthetic_unaesthetic/normalized_sampled_aesthetic_unaesthetic/unaesthetic/kenyan_5.jpg
icelandic,unaesthetic,data/aesthetic_unaesthetic/normalized_sampled_aesthetic_unaesthetic/unaesthetic/icelandic_2.jpg
serbian,unaesthetic,data/aesthetic_unaesthetic/normalized_sampled_aesthetic_unaesthetic/unaesthetic/serbian_3.jpg
filipino,unaesthetic,data/aesthetic_unaesthetic/normalized_sampled_aesthetic_unaesthetic/unaesthetic/filipino_5.jpg
canadian,unaesthetic,data/aesthetic_unaesthetic/normalized_sampled_aesthetic_unaesthetic/unaesthetic/canadian_3.jpg
thai,unaesthetic,data/aesthetic_unaesthetic/normalized_sampled_aesthetic_unaesthetic/unaesthetic/thai_4.jpg
ecuadorian,unaesthetic,data/aesthetic_unaesthetic/normalized_sampled_aesthetic_unaesthetic/unaesthetic/ecuadorian_2.jpg
ecuadorian,unaesthetic,data/aesthetic_unaesthetic/normalized_sampled_aesthetic_unaesthetic/unaesthetic/ecuadorian_3.jpg
thai,unaesthetic,data/aesthetic_unaesthetic/normalized_sampled_aesthetic_unaesthetic/unaesthetic/thai_5.jpg
canadian,unaesthetic,data/aesthetic_unaesthetic/normalized_sampled_aesthetic_unaesthetic/unaesthetic/canadian_2.jpg
icelandic,unaesthetic,data/aesthetic_unaesthetic/normalized_sampled_aesthetic_unaesthetic/unaesthetic/icelandic_3.jpg
filipino,unaesthetic,data/aesthetic_unaesthetic/normalized_sampled_aesthetic_unaesthetic/unaesthetic/filipino_4.jpg
serbian,unaesthetic,data/aesthetic_unaesthetic/normalized_sampled_aesthetic_unaesthetic/unaesthetic/serbian_2.jpg
kenyan,unaesthetic,data/aesthetic_unaesthetic/normalized_sampled_aesthetic_unaesthetic/unaesthetic/kenyan_4.jpg
belgian,unaesthetic,data/aesthetic_unaesthetic/normalized_sampled_aesthetic_unaesthetic/unaesthetic/belgian_3.jpg
swedish,unaesthetic,data/aesthetic_unaesthetic/normalized_sampled_aesthetic_unaesthetic/unaesthetic/swedish_5.jpg
czech,unaesthetic,data/aesthetic_unaesthetic/normalized_sampled_aesthetic_unaesthetic/unaesthetic/czech_4.jpg
german,unaesthetic,data/aesthetic_unaesthetic/normalized_sampled_aesthetic_unaesthetic/unaesthetic/german_5.jpg
cameroonian,unaesthetic,data/aesthetic_unaesthetic/normalized_sampled_aesthetic_unaesthetic/unaesthetic/cameroonian_3.jpg
cameroonian,unaesthetic,data/aesthetic_unaesthetic/normalized_sampled_aesthetic_unaesthetic/unaesthetic/cameroonian_1.jpg
american,unaesthetic,data/aesthetic_unaesthetic/normalized_sampled_aesthetic_unaesthetic/unaesthetic/american_2.jpg
swiss,unaesthetic,data/aesthetic_unaesthetic/normalized_sampled_aesthetic_unaesthetic/unaesthetic/swiss_5.jpg
belgian,unaesthetic,data/aesthetic_unaesthetic/normalized_sampled_aesthetic_unaesthetic/unaesthetic/belgian_1.jpg
icelandic,unaesthetic,data/aesthetic_unaesthetic/normalized_sampled_aesthetic_unaesthetic/unaesthetic/icelandic_1.jpg
greek,unaesthetic,data/aesthetic_unaesthetic/normalized_sampled_aesthetic_unaesthetic/unaesthetic/greek_5.jpg
tunisian,unaesthetic,data/aesthetic_unaesthetic/normalized_sampled_aesthetic_unaesthetic/unaesthetic/tunisian_4.jpg
syrian,unaesthetic,data/aesthetic_unaesthetic/normalized_sampled_aesthetic_unaesthetic/unaesthetic/syrian_4.jpg
ecuadorian,unaesthetic,data/aesthetic_unaesthetic/normalized_sampled_aesthetic_unaesthetic/unaesthetic/ecuadorian_1.jpg
syrian,unaesthetic,data/aesthetic_unaesthetic/normalized_sampled_aesthetic_unaesthetic/unaesthetic/syrian_5.jpg
canadian,unaesthetic,data/aesthetic_unaesthetic/normalized_sampled_aesthetic_unaesthetic/unaesthetic/canadian_1.jpg
tunisian,unaesthetic,data/aesthetic_unaesthetic/normalized_sampled_aesthetic_unaesthetic/unaesthetic/tunisian_5.jpg
greek,unaesthetic,data/aesthetic_unaesthetic/normalized_sampled_aesthetic_unaesthetic/unaesthetic/greek_4.jpg
serbian,unaesthetic,data/aesthetic_unaesthetic/normalized_sampled_aesthetic_unaesthetic/unaesthetic/serbian_1.jpg
swiss,unaesthetic,data/aesthetic_unaesthetic/normalized_sampled_aesthetic_unaesthetic/unaesthetic/swiss_4.jpg
american,unaesthetic,data/aesthetic_unaesthetic/normalized_sampled_aesthetic_unaesthetic/unaesthetic/american_3.jpg
cameroonian,unaesthetic,data/aesthetic_unaesthetic/normalized_sampled_aesthetic_unaesthetic/unaesthetic/cameroonian_4.jpg
german,unaesthetic,data/aesthetic_unaesthetic/normalized_sampled_aesthetic_unaesthetic/unaesthetic/german_2.jpg
czech,unaesthetic,data/aesthetic_unaesthetic/normalized_sampled_aesthetic_unaesthetic/unaesthetic/czech_3.jpg
belgian,unaesthetic,data/aesthetic_unaesthetic/normalized_sampled_aesthetic_unaesthetic/unaesthetic/belgian_4.jpg
swedish,unaesthetic,data/aesthetic_unaesthetic/normalized_sampled_aesthetic_unaesthetic/unaesthetic/swedish_2.jpg
kenyan,unaesthetic,data/aesthetic_unaesthetic/normalized_sampled_aesthetic_unaesthetic/unaesthetic/kenyan_3.jpg
tunisian,unaesthetic,data/aesthetic_unaesthetic/normalized_sampled_aesthetic_unaesthetic/unaesthetic/tunisian_1.jpg
canadian,unaesthetic,data/aesthetic_unaesthetic/normalized_sampled_aesthetic_unaesthetic/unaesthetic/canadian_5.jpg
icelandic,unaesthetic,data/aesthetic_unaesthetic/normalized_sampled_aesthetic_unaesthetic/unaesthetic/icelandic_4.jpg
filipino,unaesthetic,data/aesthetic_unaesthetic/normalized_sampled_aesthetic_unaesthetic/unaesthetic/filipino_3.jpg
serbian,unaesthetic,data/aesthetic_unaesthetic/normalized_sampled_aesthetic_unaesthetic/unaesthetic/serbian_5.jpg
syrian,unaesthetic,data/aesthetic_unaesthetic/normalized_sampled_aesthetic_unaesthetic/unaesthetic/syrian_1.jpg
thai,unaesthetic,data/aesthetic_unaesthetic/normalized_sampled_aesthetic_unaesthetic/unaesthetic/thai_2.jpg
ecuadorian,unaesthetic,data/aesthetic_unaesthetic/normalized_sampled_aesthetic_unaesthetic/unaesthetic/ecuadorian_4.jpg
ecuadorian,unaesthetic,data/aesthetic_unaesthetic/normalized_sampled_aesthetic_unaesthetic/unaesthetic/ecuadorian_5.jpg
thai,unaesthetic,data/aesthetic_unaesthetic/normalized_sampled_aesthetic_unaesthetic/unaesthetic/thai_3.jpg
greek,unaesthetic,data/aesthetic_unaesthetic/normalized_sampled_aesthetic_unaesthetic/unaesthetic/greek_1.jpg
icelandic,unaesthetic,data/aesthetic_unaesthetic/normalized_sampled_aesthetic_unaesthetic/unaesthetic/icelandic_5.jpg
serbian,unaesthetic,data/aesthetic_unaesthetic/normalized_sampled_aesthetic_unaesthetic/unaesthetic/serbian_4.jpg
filipino,unaesthetic,data/aesthetic_unaesthetic/normalized_sampled_aesthetic_unaesthetic/unaesthetic/filipino_2.jpg
canadian,unaesthetic,data/aesthetic_unaesthetic/normalized_sampled_aesthetic_unaesthetic/unaesthetic/canadian_4.jpg
kenyan,unaesthetic,data/aesthetic_unaesthetic/normalized_sampled_aesthetic_unaesthetic/unaesthetic/kenyan_2.jpg
belgian,unaesthetic,data/aesthetic_unaesthetic/normalized_sampled_aesthetic_unaesthetic/unaesthetic/belgian_5.jpg
swedish,unaesthetic,data/aesthetic_unaesthetic/normalized_sampled_aesthetic_unaesthetic/unaesthetic/swedish_3.jpg
czech,unaesthetic,data/aesthetic_unaesthetic/normalized_sampled_aesthetic_unaesthetic/unaesthetic/czech_2.jpg
german,unaesthetic,data/aesthetic_unaesthetic/normalized_sampled_aesthetic_unaesthetic/unaesthetic/german_3.jpg
swiss,unaesthetic,data/aesthetic_unaesthetic/normalized_sampled_aesthetic_unaesthetic/unaesthetic/swiss_1.jpg
cameroonian,unaesthetic,data/aesthetic_unaesthetic/normalized_sampled_aesthetic_unaesthetic/unaesthetic/cameroonian_5.jpg
swiss,unaesthetic,data/aesthetic_unaesthetic/normalized_sampled_aesthetic_unaesthetic/unaesthetic/swiss_3.jpg
german,unaesthetic,data/aesthetic_unaesthetic/normalized_sampled_aesthetic_unaesthetic/unaesthetic/german_1.jpg
american,unaesthetic,data/aesthetic_unaesthetic/normalized_sampled_aesthetic_unaesthetic/unaesthetic/american_4.jpg
swedish,unaesthetic,data/aesthetic_unaesthetic/normalized_sampled_aesthetic_unaesthetic/unaesthetic/swedish_1.jpg
tunisian,unaesthetic,data/aesthetic_unaesthetic/normalized_sampled_aesthetic_unaesthetic/unaesthetic/tunisian_2.jpg
greek,unaesthetic,data/aesthetic_unaesthetic/normalized_sampled_aesthetic_unaesthetic/unaesthetic/greek_3.jpg
syrian,unaesthetic,data/aesthetic_unaesthetic/normalized_sampled_aesthetic_unaesthetic/unaesthetic/syrian_2.jpg
thai,unaesthetic,data/aesthetic_unaesthetic/normalized_sampled_aesthetic_unaesthetic/unaesthetic/thai_1.jpg
syrian,unaesthetic,data/aesthetic_unaesthetic/normalized_sampled_aesthetic_unaesthetic/unaesthetic/syrian_3.jpg
filipino,unaesthetic,data/aesthetic_unaesthetic/normalized_sampled_aesthetic_unaesthetic/unaesthetic/filipino_1.jpg
greek,unaesthetic,data/aesthetic_unaesthetic/normalized_sampled_aesthetic_unaesthetic/unaesthetic/greek_2.jpg
tunisian,unaesthetic,data/aesthetic_unaesthetic/normalized_sampled_aesthetic_unaesthetic/unaesthetic/tunisian_3.jpg
kenyan,unaesthetic,data/aesthetic_unaesthetic/normalized_sampled_aesthetic_unaesthetic/unaesthetic/kenyan_1.jpg
american,unaesthetic,data/aesthetic_unaesthetic/normalized_sampled_aesthetic_unaesthetic/unaesthetic/american_5.jpg
swiss,unaesthetic,data/aesthetic_unaesthetic/normalized_sampled_aesthetic_unaesthetic/unaesthetic/swiss_2.jpg
czech,unaesthetic,data/aesthetic_unaesthetic/normalized_sampled_aesthetic_unaesthetic/unaesthetic/czech_1.jpg
bahraini,unaesthetic,data/aesthetic_unaesthetic/normalized_sampled_aesthetic_unaesthetic/unaesthetic/bahraini_1.jpg
norwegian,unaesthetic,data/aesthetic_unaesthetic/normalized_sampled_aesthetic_unaesthetic/unaesthetic/norwegian_5.jpg
estonian,unaesthetic,data/aesthetic_unaesthetic/normalized_sampled_aesthetic_unaesthetic/unaesthetic/estonian_4.jpg
colombian,unaesthetic,data/aesthetic_unaesthetic/normalized_sampled_aesthetic_unaesthetic/unaesthetic/colombian_5.jpg
iranian,unaesthetic,data/aesthetic_unaesthetic/normalized_sampled_aesthetic_unaesthetic/unaesthetic/iranian_5.jpg
spanish,unaesthetic,data/aesthetic_unaesthetic/normalized_sampled_aesthetic_unaesthetic/unaesthetic/spanish_5.jpg
moroccan,unaesthetic,data/aesthetic_unaesthetic/normalized_sampled_aesthetic_unaesthetic/unaesthetic/moroccan_4.jpg
albanian,unaesthetic,data/aesthetic_unaesthetic/normalized_sampled_aesthetic_unaesthetic/unaesthetic/albanian_1.jpg
brazilian,unaesthetic,data/aesthetic_unaesthetic/normalized_sampled_aesthetic_unaesthetic/unaesthetic/brazilian_3.jpg
hungarian,unaesthetic,data/aesthetic_unaesthetic/normalized_sampled_aesthetic_unaesthetic/unaesthetic/hungarian_2.jpg
brazilian,unaesthetic,data/aesthetic_unaesthetic/normalized_sampled_aesthetic_unaesthetic/unaesthetic/brazilian_2.jpg
hungarian,unaesthetic,data/aesthetic_unaesthetic/normalized_sampled_aesthetic_unaesthetic/unaesthetic/hungarian_3.jpg
moroccan,unaesthetic,data/aesthetic_unaesthetic/normalized_sampled_aesthetic_unaesthetic/unaesthetic/moroccan_5.jpg
argentinean,unaesthetic,data/aesthetic_unaesthetic/normalized_sampled_aesthetic_unaesthetic/unaesthetic/argentinean_1.jpg
spanish,unaesthetic,data/aesthetic_unaesthetic/normalized_sampled_aesthetic_unaesthetic/unaesthetic/spanish_4.jpg
iranian,unaesthetic,data/aesthetic_unaesthetic/normalized_sampled_aesthetic_unaesthetic/unaesthetic/iranian_4.jpg
colombian,unaesthetic,data/aesthetic_unaesthetic/normalized_sampled_aesthetic_unaesthetic/unaesthetic/colombian_4.jpg
turkish,unaesthetic,data/aesthetic_unaesthetic/normalized_sampled_aesthetic_unaesthetic/unaesthetic/turkish_1.jpg
estonian,unaesthetic,data/aesthetic_unaesthetic/normalized_sampled_aesthetic_unaesthetic/unaesthetic/estonian_5.jpg
norwegian,unaesthetic,data/aesthetic_unaesthetic/normalized_sampled_aesthetic_unaesthetic/unaesthetic/norwegian_4.jpg
french,unaesthetic,data/aesthetic_unaesthetic/normalized_sampled_aesthetic_unaesthetic/unaesthetic/french_1.jpg
emirati,unaesthetic,data/aesthetic_unaesthetic/normalized_sampled_aesthetic_unaesthetic/unaesthetic/emirati_1.jpg
chinese,unaesthetic,data/aesthetic_unaesthetic/normalized_sampled_aesthetic_unaesthetic/unaesthetic/chinese_1.jpg
russian,unaesthetic,data/aesthetic_unaesthetic/normalized_sampled_aesthetic_unaesthetic/unaesthetic/russian_5.jpg
chinese,unaesthetic,data/aesthetic_unaesthetic/normalized_sampled_aesthetic_unaesthetic/unaesthetic/chinese_3.jpg
emirati,unaesthetic,data/aesthetic_unaesthetic/normalized_sampled_aesthetic_unaesthetic/unaesthetic/emirati_3.jpg
french,unaesthetic,data/aesthetic_unaesthetic/normalized_sampled_aesthetic_unaesthetic/unaesthetic/french_3.jpg
bahraini,unaesthetic,data/aesthetic_unaesthetic/normalized_sampled_aesthetic_unaesthetic/unaesthetic/bahraini_2.jpg
portuguese,unaesthetic,data/aesthetic_unaesthetic/normalized_sampled_aesthetic_unaesthetic/unaesthetic/portuguese_4.jpg
turkish,unaesthetic,data/aesthetic_unaesthetic/normalized_sampled_aesthetic_unaesthetic/unaesthetic/turkish_3.jpg
argentinean,unaesthetic,data/aesthetic_unaesthetic/normalized_sampled_aesthetic_unaesthetic/unaesthetic/argentinean_3.jpg
albanian,unaesthetic,data/aesthetic_unaesthetic/normalized_sampled_aesthetic_unaesthetic/unaesthetic/albanian_2.jpg
australian,unaesthetic,data/aesthetic_unaesthetic/normalized_sampled_aesthetic_unaesthetic/unaesthetic/australian_4.jpg
hungarian,unaesthetic,data/aesthetic_unaesthetic/normalized_sampled_aesthetic_unaesthetic/unaesthetic/hungarian_1.jpg
brazilian,unaesthetic,data/aesthetic_unaesthetic/normalized_sampled_aesthetic_unaesthetic/unaesthetic/brazilian_1.jpg
australian,unaesthetic,data/aesthetic_unaesthetic/normalized_sampled_aesthetic_unaesthetic/unaesthetic/australian_5.jpg
albanian,unaesthetic,data/aesthetic_unaesthetic/normalized_sampled_aesthetic_unaesthetic/unaesthetic/albanian_3.jpg
argentinean,unaesthetic,data/aesthetic_unaesthetic/normalized_sampled_aesthetic_unaesthetic/unaesthetic/argentinean_2.jpg
turkish,unaesthetic,data/aesthetic_unaesthetic/normalized_sampled_aesthetic_unaesthetic/unaesthetic/turkish_2.jpg
portuguese,unaesthetic,data/aesthetic_unaesthetic/normalized_sampled_aesthetic_unaesthetic/unaesthetic/portuguese_5.jpg
bahraini,unaesthetic,data/aesthetic_unaesthetic/normalized_sampled_aesthetic_unaesthetic/unaesthetic/bahraini_3.jpg
french,unaesthetic,data/aesthetic_unaesthetic/normalized_sampled_aesthetic_unaesthetic/unaesthetic/french_2.jpg
emirati,unaesthetic,data/aesthetic_unaesthetic/normalized_sampled_aesthetic_unaesthetic/unaesthetic/emirati_2.jpg
chinese,unaesthetic,data/aesthetic_unaesthetic/normalized_sampled_aesthetic_unaesthetic/unaesthetic/chinese_2.jpg
russian,unaesthetic,data/aesthetic_unaesthetic/normalized_sampled_aesthetic_unaesthetic/unaesthetic/russian_4.jpg
estonian,unaesthetic,data/aesthetic_unaesthetic/normalized_sampled_aesthetic_unaesthetic/unaesthetic/estonian_2.jpg
portuguese,unaesthetic,data/aesthetic_unaesthetic/normalized_sampled_aesthetic_unaesthetic/unaesthetic/portuguese_1.jpg
norwegian,unaesthetic,data/aesthetic_unaesthetic/normalized_sampled_aesthetic_unaesthetic/unaesthetic/norwegian_3.jpg
colombian,unaesthetic,data/aesthetic_unaesthetic/normalized_sampled_aesthetic_unaesthetic/unaesthetic/colombian_3.jpg
spanish,unaesthetic,data/aesthetic_unaesthetic/normalized_sampled_aesthetic_unaesthetic/unaesthetic/spanish_3.jpg
iranian,unaesthetic,data/aesthetic_unaesthetic/normalized_sampled_aesthetic_unaesthetic/unaesthetic/iranian_3.jpg
moroccan,unaesthetic,data/aesthetic_unaesthetic/normalized_sampled_aesthetic_unaesthetic/unaesthetic/moroccan_2.jpg
australian,unaesthetic,data/aesthetic_unaesthetic/normalized_sampled_aesthetic_unaesthetic/unaesthetic/australian_1.jpg
brazilian,unaesthetic,data/aesthetic_unaesthetic/normalized_sampled_aesthetic_unaesthetic/unaesthetic/brazilian_5.jpg
hungarian,unaesthetic,data/aesthetic_unaesthetic/normalized_sampled_aesthetic_unaesthetic/unaesthetic/hungarian_4.jpg
brazilian,unaesthetic,data/aesthetic_unaesthetic/normalized_sampled_aesthetic_unaesthetic/unaesthetic/brazilian_4.jpg
hungarian,unaesthetic,data/aesthetic_unaesthetic/normalized_sampled_aesthetic_unaesthetic/unaesthetic/hungarian_5.jpg
moroccan,unaesthetic,data/aesthetic_unaesthetic/normalized_sampled_aesthetic_unaesthetic/unaesthetic/moroccan_3.jpg
iranian,unaesthetic,data/aesthetic_unaesthetic/normalized_sampled_aesthetic_unaesthetic/unaesthetic/iranian_2.jpg
spanish,unaesthetic,data/aesthetic_unaesthetic/normalized_sampled_aesthetic_unaesthetic/unaesthetic/spanish_2.jpg
colombian,unaesthetic,data/aesthetic_unaesthetic/normalized_sampled_aesthetic_unaesthetic/unaesthetic/colombian_2.jpg
norwegian,unaesthetic,data/aesthetic_unaesthetic/normalized_sampled_aesthetic_unaesthetic/unaesthetic/norwegian_2.jpg
estonian,unaesthetic,data/aesthetic_unaesthetic/normalized_sampled_aesthetic_unaesthetic/unaesthetic/estonian_3.jpg
russian,unaesthetic,data/aesthetic_unaesthetic/normalized_sampled_aesthetic_unaesthetic/unaesthetic/russian_1.jpg
emirati,unaesthetic,data/aesthetic_unaesthetic/normalized_sampled_aesthetic_unaesthetic/unaesthetic/emirati_5.jpg
chinese,unaesthetic,data/aesthetic_unaesthetic/normalized_sampled_aesthetic_unaesthetic/unaesthetic/chinese_5.jpg
russian,unaesthetic,data/aesthetic_unaesthetic/normalized_sampled_aesthetic_unaesthetic/unaesthetic/russian_3.jpg
bahraini,unaesthetic,data/aesthetic_unaesthetic/normalized_sampled_aesthetic_unaesthetic/unaesthetic/bahraini_4.jpg
french,unaesthetic,data/aesthetic_unaesthetic/normalized_sampled_aesthetic_unaesthetic/unaesthetic/french_5.jpg
portuguese,unaesthetic,data/aesthetic_unaesthetic/normalized_sampled_aesthetic_unaesthetic/unaesthetic/portuguese_2.jpg
estonian,unaesthetic,data/aesthetic_unaesthetic/normalized_sampled_aesthetic_unaesthetic/unaesthetic/estonian_1.jpg
turkish,unaesthetic,data/aesthetic_unaesthetic/normalized_sampled_aesthetic_unaesthetic/unaesthetic/turkish_5.jpg
argentinean,unaesthetic,data/aesthetic_unaesthetic/normalized_sampled_aesthetic_unaesthetic/unaesthetic/argentinean_5.jpg
moroccan,unaesthetic,data/aesthetic_unaesthetic/normalized_sampled_aesthetic_unaesthetic/unaesthetic/moroccan_1.jpg
australian,unaesthetic,data/aesthetic_unaesthetic/normalized_sampled_aesthetic_unaesthetic/unaesthetic/australian_2.jpg
albanian,unaesthetic,data/aesthetic_unaesthetic/normalized_sampled_aesthetic_unaesthetic/unaesthetic/albanian_4.jpg
albanian,unaesthetic,data/aesthetic_unaesthetic/normalized_sampled_aesthetic_unaesthetic/unaesthetic/albanian_5.jpg
australian,unaesthetic,data/aesthetic_unaesthetic/normalized_sampled_aesthetic_unaesthetic/unaesthetic/australian_3.jpg
argentinean,unaesthetic,data/aesthetic_unaesthetic/normalized_sampled_aesthetic_unaesthetic/unaesthetic/argentinean_4.jpg
iranian,unaesthetic,data/aesthetic_unaesthetic/normalized_sampled_aesthetic_unaesthetic/unaesthetic/iranian_1.jpg
spanish,unaesthetic,data/aesthetic_unaesthetic/normalized_sampled_aesthetic_unaesthetic/unaesthetic/spanish_1.jpg
colombian,unaesthetic,data/aesthetic_unaesthetic/normalized_sampled_aesthetic_unaesthetic/unaesthetic/colombian_1.jpg
turkish,unaesthetic,data/aesthetic_unaesthetic/normalized_sampled_aesthetic_unaesthetic/unaesthetic/turkish_4.jpg
norwegian,unaesthetic,data/aesthetic_unaesthetic/normalized_sampled_aesthetic_unaesthetic/unaesthetic/norwegian_1.jpg
portuguese,unaesthetic,data/aesthetic_unaesthetic/normalized_sampled_aesthetic_unaesthetic/unaesthetic/portuguese_3.jpg
french,unaesthetic,data/aesthetic_unaesthetic/normalized_sampled_aesthetic_unaesthetic/unaesthetic/french_4.jpg
bahraini,unaesthetic,data/aesthetic_unaesthetic/normalized_sampled_aesthetic_unaesthetic/unaesthetic/bahraini_5.jpg
russian,unaesthetic,data/aesthetic_unaesthetic/normalized_sampled_aesthetic_unaesthetic/unaesthetic/russian_2.jpg
chinese,unaesthetic,data/aesthetic_unaesthetic/normalized_sampled_aesthetic_unaesthetic/unaesthetic/chinese_4.jpg
emirati,unaesthetic,data/aesthetic_unaesthetic/normalized_sampled_aesthetic_unaesthetic/unaesthetic/emirati_4.jpg
south-korean,unaesthetic,data/aesthetic_unaesthetic/normalized_sampled_aesthetic_unaesthetic/unaesthetic/south-korean_2.jpg
moldovan,unaesthetic,data/aesthetic_unaesthetic/normalized_sampled_aesthetic_unaesthetic/unaesthetic/moldovan_4.jpg
mexican,unaesthetic,data/aesthetic_unaesthetic/normalized_sampled_aesthetic_unaesthetic/unaesthetic/mexican_1.jpg
italian,unaesthetic,data/aesthetic_unaesthetic/normalized_sampled_aesthetic_unaesthetic/unaesthetic/italian_2.jpg
peruvian,unaesthetic,data/aesthetic_unaesthetic/normalized_sampled_aesthetic_unaesthetic/unaesthetic/peruvian_2.jpg
japanese,unaesthetic,data/aesthetic_unaesthetic/normalized_sampled_aesthetic_unaesthetic/unaesthetic/japanese_1.jpg
azerbaijani,unaesthetic,data/aesthetic_unaesthetic/normalized_sampled_aesthetic_unaesthetic/unaesthetic/azerbaijani_4.jpg
ukrainian,unaesthetic,data/aesthetic_unaesthetic/normalized_sampled_aesthetic_unaesthetic/unaesthetic/ukrainian_1.jpg
luxembourgers,unaesthetic,data/aesthetic_unaesthetic/normalized_sampled_aesthetic_unaesthetic/unaesthetic/luxembourgers_5.jpg
latvian,unaesthetic,data/aesthetic_unaesthetic/normalized_sampled_aesthetic_unaesthetic/unaesthetic/latvian_1.jpg
luxembourgers,unaesthetic,data/aesthetic_unaesthetic/normalized_sampled_aesthetic_unaesthetic/unaesthetic/luxembourgers_4.jpg
azerbaijani,unaesthetic,data/aesthetic_unaesthetic/normalized_sampled_aesthetic_unaesthetic/unaesthetic/azerbaijani_5.jpg
armenian,unaesthetic,data/aesthetic_unaesthetic/normalized_sampled_aesthetic_unaesthetic/unaesthetic/armenian_1.jpg
peruvian,unaesthetic,data/aesthetic_unaesthetic/normalized_sampled_aesthetic_unaesthetic/unaesthetic/peruvian_3.jpg
slovak,unaesthetic,data/aesthetic_unaesthetic/normalized_sampled_aesthetic_unaesthetic/unaesthetic/slovak_1.jpg
italian,unaesthetic,data/aesthetic_unaesthetic/normalized_sampled_aesthetic_unaesthetic/unaesthetic/italian_3.jpg
moldovan,unaesthetic,data/aesthetic_unaesthetic/normalized_sampled_aesthetic_unaesthetic/unaesthetic/moldovan_5.jpg
south-korean,unaesthetic,data/aesthetic_unaesthetic/normalized_sampled_aesthetic_unaesthetic/unaesthetic/south-korean_3.jpg
venezuelan,unaesthetic,data/aesthetic_unaesthetic/normalized_sampled_aesthetic_unaesthetic/unaesthetic/venezuelan_1.jpg
venezuelan,unaesthetic,data/aesthetic_unaesthetic/normalized_sampled_aesthetic_unaesthetic/unaesthetic/venezuelan_3.jpg
romanian,unaesthetic,data/aesthetic_unaesthetic/normalized_sampled_aesthetic_unaesthetic/unaesthetic/romanian_4.jpg
south-korean,unaesthetic,data/aesthetic_unaesthetic/normalized_sampled_aesthetic_unaesthetic/unaesthetic/south-korean_1.jpg
chilean,unaesthetic,data/aesthetic_unaesthetic/normalized_sampled_aesthetic_unaesthetic/unaesthetic/chilean_4.jpg
mexican,unaesthetic,data/aesthetic_unaesthetic/normalized_sampled_aesthetic_unaesthetic/unaesthetic/mexican_2.jpg
italian,unaesthetic,data/aesthetic_unaesthetic/normalized_sampled_aesthetic_unaesthetic/unaesthetic/italian_1.jpg
slovak,unaesthetic,data/aesthetic_unaesthetic/normalized_sampled_aesthetic_unaesthetic/unaesthetic/slovak_3.jpg
indian,unaesthetic,data/aesthetic_unaesthetic/normalized_sampled_aesthetic_unaesthetic/unaesthetic/indian_4.jpg
peruvian,unaesthetic,data/aesthetic_unaesthetic/normalized_sampled_aesthetic_unaesthetic/unaesthetic/peruvian_1.jpg
armenian,unaesthetic,data/aesthetic_unaesthetic/normalized_sampled_aesthetic_unaesthetic/unaesthetic/armenian_3.jpg
japanese,unaesthetic,data/aesthetic_unaesthetic/normalized_sampled_aesthetic_unaesthetic/unaesthetic/japanese_2.jpg
ukrainian,unaesthetic,data/aesthetic_unaesthetic/normalized_sampled_aesthetic_unaesthetic/unaesthetic/ukrainian_2.jpg
egyptian,unaesthetic,data/aesthetic_unaesthetic/normalized_sampled_aesthetic_unaesthetic/unaesthetic/egyptian_4.jpg
latvian,unaesthetic,data/aesthetic_unaesthetic/normalized_sampled_aesthetic_unaesthetic/unaesthetic/latvian_2.jpg
egyptian,unaesthetic,data/aesthetic_unaesthetic/normalized_sampled_aesthetic_unaesthetic/unaesthetic/egyptian_5.jpg
latvian,unaesthetic,data/aesthetic_unaesthetic/normalized_sampled_aesthetic_unaesthetic/unaesthetic/latvian_3.jpg
ukrainian,unaesthetic,data/aesthetic_unaesthetic/normalized_sampled_aesthetic_unaesthetic/unaesthetic/ukrainian_3.jpg
japanese,unaesthetic,data/aesthetic_unaesthetic/normalized_sampled_aesthetic_unaesthetic/unaesthetic/japanese_3.jpg
armenian,unaesthetic,data/aesthetic_unaesthetic/normalized_sampled_aesthetic_unaesthetic/unaesthetic/armenian_2.jpg
indian,unaesthetic,data/aesthetic_unaesthetic/normalized_sampled_aesthetic_unaesthetic/unaesthetic/indian_5.jpg
slovak,unaesthetic,data/aesthetic_unaesthetic/normalized_sampled_aesthetic_unaesthetic/unaesthetic/slovak_2.jpg
chilean,unaesthetic,data/aesthetic_unaesthetic/normalized_sampled_aesthetic_unaesthetic/unaesthetic/chilean_5.jpg
mexican,unaesthetic,data/aesthetic_unaesthetic/normalized_sampled_aesthetic_unaesthetic/unaesthetic/mexican_3.jpg
romanian,unaesthetic,data/aesthetic_unaesthetic/normalized_sampled_aesthetic_unaesthetic/unaesthetic/romanian_5.jpg
venezuelan,unaesthetic,data/aesthetic_unaesthetic/normalized_sampled_aesthetic_unaesthetic/unaesthetic/venezuelan_2.jpg
romanian,unaesthetic,data/aesthetic_unaesthetic/normalized_sampled_aesthetic_unaesthetic/unaesthetic/romanian_1.jpg
chilean,unaesthetic,data/aesthetic_unaesthetic/normalized_sampled_aesthetic_unaesthetic/unaesthetic/chilean_1.jpg
moldovan,unaesthetic,data/aesthetic_unaesthetic/normalized_sampled_aesthetic_unaesthetic/unaesthetic/moldovan_2.jpg
south-korean,unaesthetic,data/aesthetic_unaesthetic/normalized_sampled_aesthetic_unaesthetic/unaesthetic/south-korean_4.jpg
italian,unaesthetic,data/aesthetic_unaesthetic/normalized_sampled_aesthetic_unaesthetic/unaesthetic/italian_4.jpg
indian,unaesthetic,data/aesthetic_unaesthetic/normalized_sampled_aesthetic_unaesthetic/unaesthetic/indian_1.jpg
peruvian,unaesthetic,data/aesthetic_unaesthetic/normalized_sampled_aesthetic_unaesthetic/unaesthetic/peruvian_4.jpg
azerbaijani,unaesthetic,data/aesthetic_unaesthetic/normalized_sampled_aesthetic_unaesthetic/unaesthetic/azerbaijani_2.jpg
egyptian,unaesthetic,data/aesthetic_unaesthetic/normalized_sampled_aesthetic_unaesthetic/unaesthetic/egyptian_1.jpg
luxembourgers,unaesthetic,data/aesthetic_unaesthetic/normalized_sampled_aesthetic_unaesthetic/unaesthetic/luxembourgers_3.jpg
luxembourgers,unaesthetic,data/aesthetic_unaesthetic/normalized_sampled_aesthetic_unaesthetic/unaesthetic/luxembourgers_2.jpg
azerbaijani,unaesthetic,data/aesthetic_unaesthetic/normalized_sampled_aesthetic_unaesthetic/unaesthetic/azerbaijani_3.jpg
peruvian,unaesthetic,data/aesthetic_unaesthetic/normalized_sampled_aesthetic_unaesthetic/unaesthetic/peruvian_5.jpg
italian,unaesthetic,data/aesthetic_unaesthetic/normalized_sampled_aesthetic_unaesthetic/unaesthetic/italian_5.jpg
south-korean,unaesthetic,data/aesthetic_unaesthetic/normalized_sampled_aesthetic_unaesthetic/unaesthetic/south-korean_5.jpg
moldovan,unaesthetic,data/aesthetic_unaesthetic/normalized_sampled_aesthetic_unaesthetic/unaesthetic/moldovan_3.jpg
venezuelan,unaesthetic,data/aesthetic_unaesthetic/normalized_sampled_aesthetic_unaesthetic/unaesthetic/venezuelan_5.jpg
romanian,unaesthetic,data/aesthetic_unaesthetic/normalized_sampled_aesthetic_unaesthetic/unaesthetic/romanian_2.jpg
moldovan,unaesthetic,data/aesthetic_unaesthetic/normalized_sampled_aesthetic_unaesthetic/unaesthetic/moldovan_1.jpg
chilean,unaesthetic,data/aesthetic_unaesthetic/normalized_sampled_aesthetic_unaesthetic/unaesthetic/chilean_2.jpg
mexican,unaesthetic,data/aesthetic_unaesthetic/normalized_sampled_aesthetic_unaesthetic/unaesthetic/mexican_4.jpg
slovak,unaesthetic,data/aesthetic_unaesthetic/normalized_sampled_aesthetic_unaesthetic/unaesthetic/slovak_5.jpg
indian,unaesthetic,data/aesthetic_unaesthetic/normalized_sampled_aesthetic_unaesthetic/unaesthetic/indian_2.jpg
ukrainian,unaesthetic,data/aesthetic_unaesthetic/normalized_sampled_aesthetic_unaesthetic/unaesthetic/ukrainian_4.jpg
armenian,unaesthetic,data/aesthetic_unaesthetic/normalized_sampled_aesthetic_unaesthetic/unaesthetic/armenian_5.jpg
japanese,unaesthetic,data/aesthetic_unaesthetic/normalized_sampled_aesthetic_unaesthetic/unaesthetic/japanese_4.jpg
azerbaijani,unaesthetic,data/aesthetic_unaesthetic/normalized_sampled_aesthetic_unaesthetic/unaesthetic/azerbaijani_1.jpg
egyptian,unaesthetic,data/aesthetic_unaesthetic/normalized_sampled_aesthetic_unaesthetic/unaesthetic/egyptian_2.jpg
latvian,unaesthetic,data/aesthetic_unaesthetic/normalized_sampled_aesthetic_unaesthetic/unaesthetic/latvian_4.jpg
luxembourgers,unaesthetic,data/aesthetic_unaesthetic/normalized_sampled_aesthetic_unaesthetic/unaesthetic/luxembourgers_1.jpg
egyptian,unaesthetic,data/aesthetic_unaesthetic/normalized_sampled_aesthetic_unaesthetic/unaesthetic/egyptian_3.jpg
latvian,unaesthetic,data/aesthetic_unaesthetic/normalized_sampled_aesthetic_unaesthetic/unaesthetic/latvian_5.jpg
japanese,unaesthetic,data/aesthetic_unaesthetic/normalized_sampled_aesthetic_unaesthetic/unaesthetic/japanese_5.jpg
armenian,unaesthetic,data/aesthetic_unaesthetic/normalized_sampled_aesthetic_unaesthetic/unaesthetic/armenian_4.jpg
ukrainian,unaesthetic,data/aesthetic_unaesthetic/normalized_sampled_aesthetic_unaesthetic/unaesthetic/ukrainian_5.jpg
indian,unaesthetic,data/aesthetic_unaesthetic/normalized_sampled_aesthetic_unaesthetic/unaesthetic/indian_3.jpg
slovak,unaesthetic,data/aesthetic_unaesthetic/normalized_sampled_aesthetic_unaesthetic/unaesthetic/slovak_4.jpg
chilean,unaesthetic,data/aesthetic_unaesthetic/normalized_sampled_aesthetic_unaesthetic/unaesthetic/chilean_3.jpg
mexican,unaesthetic,data/aesthetic_unaesthetic/normalized_sampled_aesthetic_unaesthetic/unaesthetic/mexican_5.jpg
romanian,unaesthetic,data/aesthetic_unaesthetic/normalized_sampled_aesthetic_unaesthetic/unaesthetic/romanian_3.jpg
venezuelan,unaesthetic,data/aesthetic_unaesthetic/normalized_sampled_aesthetic_unaesthetic/unaesthetic/venezuelan_4.jpg
